2014-05-02 14:30:00,16
2014-05-02 15:00:00,44
2014-05-02 15:30:00,16
2014-05-02 16:00:00,32
2014-05-02 16:30:00,24
2014-05-02 17:00:00, 4
2014-05-02 17:30:00,16
2014-05-02 18:00:00,24
2014-05-02 18:30:00, 4
2014-05-02 19:00:00, 8
2014-05-02 19:30:00,24
2014-05-02 20:00:00,20
2014-05-02 20:30:00,12
2014-05-02 21:00:00,28
2014-05-02 21:30:00, 8
2014-05-02 22:00:00,28
2014-05-02 22:30:00,20
2014-05-02 23:00:00,40
2014-05-02 23:30:00,28
2014-05-03 00:00:00,24
2014-05-03 00:30:00, 8
2014-05-03 01:00:00, 4
2014-05-03 01:30:00, 0
2014-05-03 02:00:00, 0
2014-05-03 02:30:00, 0
2014-05-03 03:00:00, 0
2014-05-03 03:30:00, 0
2014-05-03 04:00:00, 0
2014-05-03 04:30:00, 0
2014-05-03 05:00:00, 4
2014-05-03 05:30:00, 0
2014-05-03 06:00:00, 0
2014-05-03 06:30:00, 0
2014-05-03 07:00:00, 0
2014-05-03 07:30:00, 0
2014-05-03 08:00:00, 8
2014-05-03 08:30:00,20
2014-05-03 09:00:00, 4
2014-05-03 09:30:00,16
2014-05-03 10:00:00,12
2014-05-03 10:30:00,16
2014-05-03 11:00:00,16
2014-05-03 11:30:00,36
2014-05-03 12:00:00,52
2014-05-03 12:30:00, 0
2014-05-03 13:00:00,48
2014-05-03 13:30:00, 8
2014-05-03 14:00:00,20
2014-05-03 14:30:00, 4
2014-05-03 15:00:00, 0
2014-05-03 15:30:00, 0
2014-05-03 16:00:00, 0
2014-05-03 16:30:00, 0
2014-05-03 17:00:00, 0
2014-05-03 17:30:00, 8
2014-05-03 18:00:00, 4
2014-05-03 18:30:00,16
2014-05-03 19:00:00,12
2014-05-03 19:30:00, 4
2014-05-03 20:00:00, 8
2014-05-03 20:30:00,12
2014-05-03 21:00:00, 0
2014-05-03 21:30:00,16
2014-05-03 22:00:00,20
2014-05-03 22:30:00,32
2014-05-03 23:00:00,20
2014-05-03 23:30:00,12
2014-05-04 00:00:00,20
2014-05-04 00:30:00, 8
2014-05-04 01:00:00,12
2014-05-04 01:30:00, 8
2014-05-04 02:00:00, 4
2014-05-04 02:30:00, 4
2014-05-04 03:00:00, 8
2014-05-04 03:30:00, 0
2014-05-04 04:00:00, 0
2014-05-04 04:30:00, 0
2014-05-04 05:00:00, 0
2014-05-04 05:30:00, 0
2014-05-04 06:00:00, 0
2014-05-04 06:30:00, 0
2014-05-04 07:00:00, 0
2014-05-04 07:30:00, 0
2014-05-04 08:00:00, 0
2014-05-04 08:30:00, 8
2014-05-04 09:00:00,12
2014-05-04 09:30:00,12
2014-05-04 10:00:00,16
2014-05-04 10:30:00,24
2014-05-04 11:00:00,16
2014-05-04 11:30:00,12
2014-05-04 12:00:00,16
2014-05-04 12:30:00,32
2014-05-04 13:00:00,12
2014-05-04 13:30:00,12
2014-05-04 14:00:00, 0
2014-05-04 14:30:00, 4
2014-05-04 15:00:00,28
2014-05-04 15:30:00, 0
2014-05-04 16:00:00, 8
2014-05-04 16:30:00,12
2014-05-04 17:00:00, 0
2014-05-04 17:30:00, 4
2014-05-04 18:00:00, 0
2014-05-04 18:30:00, 4
2014-05-04 19:00:00, 4
2014-05-04 19:30:00, 4
2014-05-04 20:00:00,20
2014-05-04 20:30:00,12
2014-05-04 21:00:00,24
2014-05-04 21:30:00, 0
2014-05-04 22:00:00, 4
2014-05-04 22:30:00, 4
2014-05-04 23:00:00,16
2014-05-04 23:30:00,12
2014-05-05 00:00:00, 8
2014-05-05 00:30:00, 8
2014-05-05 01:00:00, 4
2014-05-05 01:30:00, 4
2014-05-05 02:00:00,15
2014-05-05 02:30:00, 5
2014-05-05 03:00:00, 5
2014-05-05 03:30:00, 0
2014-05-05 04:00:00, 0
2014-05-05 04:30:00, 0
2014-05-05 05:00:00, 0
2014-05-05 05:30:00, 0
2014-05-05 06:00:00, 0
2014-05-05 06:30:00, 0
2014-05-05 07:00:00, 5
2014-05-05 07:30:00, 5
2014-05-05 08:00:00,25
2014-05-05 08:30:00,15
2014-05-05 09:00:00,20
2014-05-05 09:30:00,40
2014-05-05 10:00:00,30
2014-05-05 10:30:00,10
2014-05-05 11:00:00,20
2014-05-05 11:30:00,50
2014-05-05 12:00:00,40
2014-05-05 12:30:00,55
2014-05-05 13:00:00,40
2014-05-05 13:30:00,20
2014-05-05 14:00:00,15
2014-05-05 14:30:00,20
2014-05-05 15:00:00,40
2014-05-05 15:30:00,50
2014-05-05 16:00:00,75
2014-05-05 16:30:00,25
2014-05-05 17:00:00,10
2014-05-05 17:30:00,15
2014-05-05 18:00:00,20
2014-05-05 18:30:00, 5
2014-05-05 19:00:00,20
2014-05-05 19:30:00,10
2014-05-05 20:00:00,15
2014-05-05 20:30:00,25
2014-05-05 21:00:00,20
2014-05-05 21:30:00,20
2014-05-05 22:00:00,30
2014-05-05 22:30:00,30
2014-05-05 23:00:00,15
2014-05-05 23:30:00,20
2014-05-06 00:00:00, 5
2014-05-06 00:30:00, 5
2014-05-06 01:00:00,10
2014-05-06 01:30:00, 0
2014-05-06 02:00:00, 0
2014-05-06 02:30:00, 0
2014-05-06 03:00:00, 0
2014-05-06 03:30:00, 4
2014-05-06 04:00:00, 0
2014-05-06 04:30:00, 0
2014-05-06 05:00:00, 0
2014-05-06 05:30:00, 0
2014-05-06 06:00:00, 0
2014-05-06 06:30:00, 0
2014-05-06 07:00:00, 0
2014-05-06 07:30:00, 8
2014-05-06 08:00:00,12
2014-05-06 08:30:00,28
2014-05-06 09:00:00,12
2014-05-06 09:30:00,32
2014-05-06 10:00:00,36
2014-05-06 10:30:00,32
2014-05-06 11:00:00,52
2014-05-06 11:30:00,80
2014-05-06 12:00:00,32
2014-05-06 12:30:00,36
2014-05-06 13:00:00,20
2014-05-06 13:30:00, 4
2014-05-06 14:00:00,28
2014-05-06 14:30:00,12
2014-05-06 15:00:00,24
2014-05-06 15:30:00,20
2014-05-06 16:00:00,28
2014-05-06 16:30:00, 4
2014-05-06 17:00:00,12
2014-05-06 17:30:00,20
2014-05-06 18:00:00, 4
2014-05-06 18:30:00, 8
2014-05-06 19:00:00,12
2014-05-06 19:30:00, 8
2014-05-06 20:00:00,24
2014-05-06 20:30:00, 8
2014-05-06 21:00:00,20
2014-05-06 21:30:00, 8
2014-05-06 22:00:00,48
2014-05-06 22:30:00,44
2014-05-06 23:00:00,40
2014-05-06 23:30:00, 0
2014-05-07 00:00:00, 0
2014-05-07 00:30:00,20
2014-05-07 01:00:00, 0
2014-05-07 01:30:00, 4
2014-05-07 02:00:00,12
2014-05-07 02:30:00, 0
2014-05-07 03:00:00, 0
2014-05-07 03:30:00, 4
2014-05-07 04:00:00, 4
2014-05-07 04:30:00, 0
2014-05-07 05:00:00, 0
2014-05-07 05:30:00, 0
2014-05-07 06:00:00, 0
2014-05-07 06:30:00, 0
2014-05-07 07:00:00, 0
2014-05-07 07:30:00, 4
2014-05-07 08:00:00, 8
2014-05-07 08:30:00, 8
2014-05-07 09:00:00,20
2014-05-07 09:30:00,32
2014-05-07 10:00:00,40
2014-05-07 10:30:00,48
2014-05-07 11:00:00,36
2014-05-07 11:30:00,20
2014-05-07 12:00:00,20
2014-05-07 12:30:00,44
2014-05-07 13:00:00,28
2014-05-07 13:30:00,44
2014-05-07 14:00:00,24
2014-05-07 14:30:00,44
2014-05-07 15:00:00,20
2014-05-07 15:30:00,24
2014-05-07 16:00:00,40
2014-05-07 16:30:00,20
2014-05-07 17:00:00, 8
2014-05-07 17:30:00,20
2014-05-07 18:00:00, 4
2014-05-07 18:30:00,16
2014-05-07 19:00:00, 8
2014-05-07 19:30:00,16
2014-05-07 20:00:00, 8
2014-05-07 20:30:00,24
2014-05-07 21:00:00, 8
2014-05-07 21:30:00,28
2014-05-07 22:00:00,52
2014-05-07 22:30:00,44
2014-05-07 23:00:00, 8
2014-05-07 23:30:00,32
2014-05-08 00:00:00, 4
2014-05-08 00:30:00,16
2014-05-08 01:00:00, 8
2014-05-08 01:30:00, 4
2014-05-08 02:00:00, 0
2014-05-08 02:30:00, 4
2014-05-08 03:00:00, 0
2014-05-08 03:30:00, 0
2014-05-08 04:00:00, 0
2014-05-08 04:30:00, 0
2014-05-08 05:00:00, 0
2014-05-08 05:30:00, 0
2014-05-08 06:00:00, 4
2014-05-08 06:30:00, 0
2014-05-08 07:00:00, 0
2014-05-08 07:30:00, 0
2014-05-08 08:00:00,12
2014-05-08 08:30:00,12
2014-05-08 09:00:00,12
2014-05-08 09:30:00,28
2014-05-08 10:00:00,20
2014-05-08 10:30:00,16
2014-05-08 11:00:00,84
2014-05-08 11:30:00,68
2014-05-08 12:00:00,20
2014-05-08 12:30:00,28
2014-05-08 13:00:00,20
2014-05-08 13:30:00,16
2014-05-08 14:00:00,24
2014-05-08 14:30:00,76
2014-05-08 15:00:00,20
2014-05-08 15:30:00,24
2014-05-08 16:00:00,32
2014-05-08 16:30:00,24
2014-05-08 17:00:00, 4
2014-05-08 17:30:00, 4
2014-05-08 18:00:00, 4
2014-05-08 18:30:00, 8
2014-05-08 19:00:00, 8
2014-05-08 19:30:00,12
2014-05-08 20:00:00, 8
2014-05-08 20:30:00,48
2014-05-08 21:00:00,20
2014-05-08 21:30:00,36
2014-05-08 22:00:00,12
2014-05-08 22:30:00,16
2014-05-08 23:00:00, 4
2014-05-08 23:30:00,20
2014-05-09 00:00:00, 8
2014-05-09 00:30:00,12
2014-05-09 01:00:00, 4
2014-05-09 01:30:00, 0
2014-05-09 02:00:00, 0
2014-05-09 02:30:00, 0
2014-05-09 03:00:00, 0
2014-05-09 03:30:00, 4
2014-05-09 04:00:00, 4
2014-05-09 04:30:00, 0
2014-05-09 05:00:00, 0
2014-05-09 05:30:00, 4
2014-05-09 06:00:00, 0
2014-05-09 06:30:00, 0
2014-05-09 07:00:00, 0
2014-05-09 07:30:00, 4
2014-05-09 08:00:00,16
2014-05-09 08:30:00,32
2014-05-09 09:00:00,40
2014-05-09 09:30:00,16
2014-05-09 10:00:00,20
2014-05-09 10:30:00,20
2014-05-09 11:00:00,36
2014-05-09 11:30:00,44
2014-05-09 12:00:00,24
2014-05-09 12:30:00,16
2014-05-09 13:00:00,16
2014-05-09 13:30:00,32
2014-05-09 14:00:00,36
2014-05-09 14:30:00,24
2014-05-09 15:00:00,32
2014-05-09 15:30:00,24
2014-05-09 16:00:00,16
2014-05-09 16:30:00,16
2014-05-09 17:00:00, 8
2014-05-09 17:30:00,12
2014-05-09 18:00:00,16
2014-05-09 18:30:00, 4
2014-05-09 19:00:00, 8
2014-05-09 19:30:00,28
2014-05-09 20:00:00,12
2014-05-09 20:30:00,32
2014-05-09 21:00:00,24
2014-05-09 21:30:00,24
2014-05-09 22:00:00,20
2014-05-09 22:30:00,52
2014-05-09 23:00:00,12
2014-05-09 23:30:00,28
2014-05-10 00:00:00,32
2014-05-10 00:30:00,12
2014-05-10 01:00:00,16
2014-05-10 01:30:00, 0
2014-05-10 02:00:00, 4
2014-05-10 02:30:00, 0
2014-05-10 03:00:00, 8
2014-05-10 03:30:00, 0
2014-05-10 04:00:00, 0
2014-05-10 04:30:00, 0
2014-05-10 05:00:00, 0
2014-05-10 05:30:00, 0
2014-05-10 06:00:00, 0
2014-05-10 06:30:00, 0
2014-05-10 07:00:00, 4
2014-05-10 07:30:00, 0
2014-05-10 08:00:00, 8
2014-05-10 08:30:00,12
2014-05-10 09:00:00, 8
2014-05-10 09:30:00,12
2014-05-10 10:00:00, 4
2014-05-10 10:30:00,16
2014-05-10 11:00:00,20
2014-05-10 11:30:00,16
2014-05-10 12:00:00,28
2014-05-10 12:30:00,48
2014-05-10 13:00:00,52
2014-05-10 13:30:00,44
2014-05-10 14:00:00,20
2014-05-10 14:30:00,16
2014-05-10 15:00:00,24
2014-05-10 15:30:00,32
2014-05-10 16:00:00,24
2014-05-10 16:30:00,32
2014-05-10 17:00:00,16
2014-05-10 17:30:00, 4
2014-05-10 18:00:00, 0
2014-05-10 18:30:00,44
2014-05-10 19:00:00,12
2014-05-10 19:30:00,12
2014-05-10 20:00:00,12
2014-05-10 20:30:00, 0
2014-05-10 21:00:00, 4
2014-05-10 21:30:00,20
2014-05-10 22:00:00,16
2014-05-10 22:30:00,24
2014-05-10 23:00:00,24
2014-05-10 23:30:00, 4
2014-05-11 00:00:00,28
2014-05-11 00:30:00,16
2014-05-11 01:00:00, 8
2014-05-11 01:30:00, 0
2014-05-11 02:00:00, 0
2014-05-11 02:30:00, 0
2014-05-11 03:00:00, 8
2014-05-11 03:30:00, 0
2014-05-11 04:00:00, 4
2014-05-11 04:30:00, 0
2014-05-11 05:00:00, 0
2014-05-11 05:30:00, 4
2014-05-11 06:00:00, 0
2014-05-11 06:30:00, 0
2014-05-11 07:00:00, 0
2014-05-11 07:30:00, 0
2014-05-11 08:00:00, 4
2014-05-11 08:30:00,24
2014-05-11 09:00:00, 0
2014-05-11 09:30:00, 4
2014-05-11 10:00:00, 0
2014-05-11 10:30:00, 8
2014-05-11 11:00:00,12
2014-05-11 11:30:00,28
2014-05-11 12:00:00,36
2014-05-11 12:30:00, 4
2014-05-11 13:00:00,12
2014-05-11 13:30:00,24
2014-05-11 14:00:00,32
2014-05-11 14:30:00, 4
2014-05-11 15:00:00,20
2014-05-11 15:30:00, 8
2014-05-11 16:00:00, 8
2014-05-11 16:30:00,12
2014-05-11 17:00:00, 4
2014-05-11 17:30:00, 4
2014-05-11 18:00:00, 0
2014-05-11 18:30:00,12
2014-05-11 19:00:00,12
2014-05-11 19:30:00, 0
2014-05-11 20:00:00, 4
2014-05-11 20:30:00, 8
2014-05-11 21:00:00, 4
2014-05-11 21:30:00,28
2014-05-11 22:00:00, 8
2014-05-11 22:30:00,28
2014-05-11 23:00:00,16
2014-05-11 23:30:00,24
2014-05-12 00:00:00,32
2014-05-12 00:30:00, 0
2014-05-12 01:00:00, 8
2014-05-12 01:30:00, 4
2014-05-12 02:00:00, 8
2014-05-12 02:30:00, 0
2014-05-12 03:00:00, 0
2014-05-12 03:30:00, 0
2014-05-12 04:00:00, 0
2014-05-12 04:30:00, 4
2014-05-12 05:00:00, 4
2014-05-12 05:30:00, 0
2014-05-12 06:00:00, 0
2014-05-12 06:30:00, 8
2014-05-12 07:00:00, 0
2014-05-12 07:30:00, 4
2014-05-12 08:00:00, 4
2014-05-12 08:30:00,20
2014-05-12 09:00:00,40
2014-05-12 09:30:00,32
2014-05-12 10:00:00,60
2014-05-12 10:30:00,16
2014-05-12 11:00:00,28
2014-05-12 11:30:00,56
2014-05-12 12:00:00,44
2014-05-12 12:30:00,12
2014-05-12 13:00:00,40
2014-05-12 13:30:00,32
2014-05-12 14:00:00,52
2014-05-12 14:30:00,12
2014-05-12 15:00:00,32
2014-05-12 15:30:00,24
2014-05-12 16:00:00,20
2014-05-12 16:30:00,12
2014-05-12 17:00:00,16
2014-05-12 17:30:00, 8
2014-05-12 18:00:00,16
2014-05-12 18:30:00,12
2014-05-12 19:00:00,12
2014-05-12 19:30:00,28
2014-05-12 20:00:00,24
2014-05-12 20:30:00,12
2014-05-12 21:00:00, 8
2014-05-12 21:30:00,16
2014-05-12 22:00:00,48
2014-05-12 22:30:00,40
2014-05-12 23:00:00,24
2014-05-12 23:30:00,28
2014-05-13 00:00:00,20
2014-05-13 00:30:00, 0
2014-05-13 01:00:00, 0
2014-05-13 01:30:00, 0
2014-05-13 02:00:00, 4
2014-05-13 02:30:00,12
2014-05-13 03:00:00, 0
2014-05-13 03:30:00, 0
2014-05-13 04:00:00, 0
2014-05-13 04:30:00, 4
2014-05-13 05:00:00, 0
2014-05-13 05:30:00, 0
2014-05-13 06:00:00, 0
2014-05-13 06:30:00, 4
2014-05-13 07:00:00, 0
2014-05-13 07:30:00, 0
2014-05-13 08:00:00, 8
2014-05-13 08:30:00,24
2014-05-13 09:00:00, 8
2014-05-13 09:30:00,20
2014-05-13 10:00:00,32
2014-05-13 10:30:00,24
2014-05-13 11:00:00,12
2014-05-13 11:30:00,28
2014-05-13 12:00:00,52
2014-05-13 12:30:00,12
2014-05-13 13:00:00,24
2014-05-13 13:30:00,44
2014-05-13 14:00:00,36
2014-05-13 14:30:00,16
2014-05-13 15:00:00,28
2014-05-13 15:30:00,40
2014-05-13 16:00:00,16
2014-05-13 16:30:00,72
2014-05-13 17:00:00,48
2014-05-13 17:30:00,40
2014-05-13 18:00:00,68
2014-05-13 18:30:00,52
2014-05-13 19:00:00,44
2014-05-13 19:30:00, 8
2014-05-13 20:00:00,28
2014-05-13 20:30:00,12
2014-05-13 21:00:00, 4
2014-05-13 21:30:00,24
2014-05-13 22:00:00,36
2014-05-13 22:30:00,20
2014-05-13 23:00:00,36
2014-05-13 23:30:00,28
2014-05-14 00:00:00,12
2014-05-14 00:30:00, 4
2014-05-14 01:00:00, 4
2014-05-14 01:30:00, 0
2014-05-14 02:00:00, 0
2014-05-14 02:30:00, 0
2014-05-14 03:00:00, 0
2014-05-14 03:30:00, 0
2014-05-14 04:00:00, 0
2014-05-14 04:30:00, 0
2014-05-14 05:00:00, 0
2014-05-14 05:30:00, 0
2014-05-14 06:00:00, 0
2014-05-14 06:30:00, 0
2014-05-14 07:00:00, 0
2014-05-14 07:30:00, 0
2014-05-14 08:00:00, 0
2014-05-14 08:30:00,16
2014-05-14 09:00:00,36
2014-05-14 09:30:00,16
2014-05-14 10:00:00,40
2014-05-14 10:30:00,16
2014-05-14 11:00:00,44
2014-05-14 11:30:00,68
2014-05-14 12:00:00,44
2014-05-14 12:30:00,28
2014-05-14 13:00:00,20
2014-05-14 13:30:00,28
2014-05-14 14:00:00,28
2014-05-14 14:30:00, 8
2014-05-14 15:00:00,16
2014-05-14 15:30:00,32
2014-05-14 16:00:00,28
2014-05-14 16:30:00,20
2014-05-14 17:00:00,28
2014-05-14 17:30:00,24
2014-05-14 18:00:00,10
2014-05-14 18:30:00, 9
2014-05-14 19:00:00,18
2014-05-14 19:30:00,21
2014-05-14 20:00:00, 6
2014-05-14 20:30:00,36
2014-05-14 21:00:00,15
2014-05-14 21:30:00,12
2014-05-14 22:00:00,24
2014-05-14 22:30:00,39
2014-05-14 23:00:00,12
2014-05-14 23:30:00,21
2014-05-15 00:00:00, 3
2014-05-15 00:30:00, 6
2014-05-15 01:00:00, 0
2014-05-15 01:30:00,36
2014-05-15 02:00:00,24
2014-05-15 02:30:00, 6
2014-05-15 03:00:00, 3
2014-05-15 03:30:00, 0
2014-05-15 04:00:00, 0
2014-05-15 04:30:00, 3
2014-05-15 05:00:00, 0
2014-05-15 05:30:00, 0
2014-05-15 06:00:00, 0
2014-05-15 06:30:00, 6
2014-05-15 07:00:00, 3
2014-05-15 07:30:00, 3
2014-05-15 08:00:00,12
2014-05-15 08:30:00, 6
2014-05-15 09:00:00,24
2014-05-15 09:30:00,24
2014-05-15 10:00:00,18
2014-05-15 10:30:00,30
2014-05-15 11:00:00,30
2014-05-15 11:30:00,27
2014-05-15 12:00:00,21
2014-05-15 12:30:00,24
2014-05-15 13:00:00, 9
2014-05-15 13:30:00,24
2014-05-15 14:00:00,24
2014-05-15 14:30:00,28
2014-05-15 15:00:00,17
2014-05-15 15:30:00,12
2014-05-15 16:00:00,24
2014-05-15 16:30:00, 6
2014-05-15 17:00:00,15
2014-05-15 17:30:00, 6
2014-05-15 18:00:00, 6
2014-05-15 18:30:00, 6
2014-05-15 19:00:00, 3
2014-05-15 19:30:00,17
2014-05-15 20:00:00, 6
2014-05-15 20:30:00, 0
2014-05-15 21:00:00, 0
2014-05-15 21:30:00, 0
2014-05-15 22:00:00, 0
2014-05-15 22:30:00, 2
2014-05-15 23:00:00,10
2014-05-15 23:30:00,14
2014-05-16 00:00:00,12
2014-05-16 00:30:00, 0
2014-05-16 01:00:00, 4
2014-05-16 01:30:00, 0
2014-05-16 02:00:00, 0
2014-05-16 02:30:00, 0
2014-05-16 03:00:00, 0
2014-05-16 03:30:00, 0
2014-05-16 04:00:00, 0
2014-05-16 04:30:00, 0
2014-05-16 05:00:00, 0
2014-05-16 05:30:00, 0
2014-05-16 06:00:00, 0
2014-05-16 06:30:00, 2
2014-05-16 07:00:00, 0
2014-05-16 07:30:00, 0
2014-05-16 08:00:00,10
2014-05-16 08:30:00, 8
2014-05-16 09:00:00,16
2014-05-16 09:30:00, 6
2014-05-16 10:00:00,16
2014-05-16 10:30:00, 8
2014-05-16 11:00:00,22
2014-05-16 11:30:00,10
2014-05-16 12:00:00,20
2014-05-16 12:30:00,10
2014-05-16 13:00:00,16
2014-05-16 13:30:00, 4
2014-05-16 14:00:00,12
2014-05-16 14:30:00, 8
2014-05-16 15:00:00,14
2014-05-16 15:30:00,16
2014-05-16 16:00:00, 4
2014-05-16 16:30:00, 4
2014-05-16 17:00:00,12
2014-05-16 17:30:00, 0
2014-05-16 18:00:00, 4
2014-05-16 18:30:00, 8
2014-05-16 19:00:00, 2
2014-05-16 19:30:00, 6
2014-05-16 20:00:00,18
2014-05-16 20:30:00,10
2014-05-16 21:00:00, 4
2014-05-16 21:30:00,10
2014-05-16 22:00:00,20
2014-05-16 22:30:00, 4
2014-05-16 23:00:00,18
2014-05-16 23:30:00, 2
2014-05-17 00:00:00,12
2014-05-17 00:30:00, 2
2014-05-17 01:00:00, 0
2014-05-17 01:30:00, 6
2014-05-17 02:00:00, 0
2014-05-17 02:30:00, 6
2014-05-17 03:00:00, 0
2014-05-17 03:30:00, 0
2014-05-17 04:00:00, 0
2014-05-17 04:30:00, 0
2014-05-17 05:00:00, 0
2014-05-17 05:30:00, 2
2014-05-17 06:00:00, 0
2014-05-17 06:30:00, 0
2014-05-17 07:00:00, 0
2014-05-17 07:30:00, 0
2014-05-17 08:00:00, 2
2014-05-17 08:30:00, 6
2014-05-17 09:00:00, 6
2014-05-17 09:30:00,12
2014-05-17 10:00:00,12
2014-05-17 10:30:00,12
2014-05-17 11:00:00, 0
2014-05-17 11:30:00, 0
2014-05-17 12:00:00, 0
2014-05-17 12:30:00, 6
2014-05-17 13:00:00,14
2014-05-17 13:30:00, 4
2014-05-17 14:00:00,14
2014-05-17 14:30:00,22
2014-05-17 15:00:00,20
2014-05-17 15:30:00,18
2014-05-17 16:00:00, 8
2014-05-17 16:30:00,14
2014-05-17 17:00:00, 4
2014-05-17 17:30:00, 2
2014-05-17 18:00:00, 0
2014-05-17 18:30:00, 0
2014-05-17 19:00:00, 2
2014-05-17 19:30:00, 6
2014-05-17 20:00:00,12
2014-05-17 20:30:00,14
2014-05-17 21:00:00,12
2014-05-17 21:30:00,20
2014-05-17 22:00:00,12
2014-05-17 22:30:00, 8
2014-05-17 23:00:00, 6
2014-05-17 23:30:00, 8
2014-05-18 00:00:00,10
2014-05-18 00:30:00, 4
2014-05-18 01:00:00, 6
2014-05-18 01:30:00, 2
2014-05-18 02:00:00, 4
2014-05-18 02:30:00, 0
2014-05-18 03:00:00, 2
2014-05-18 03:30:00, 0
2014-05-18 04:00:00, 0
2014-05-18 04:30:00, 0
2014-05-18 05:00:00, 0
2014-05-18 05:30:00, 0
2014-05-18 06:00:00, 0
2014-05-18 06:30:00, 0
2014-05-18 07:00:00, 0
2014-05-18 07:30:00, 0
2014-05-18 08:00:00, 2
2014-05-18 08:30:00, 0
2014-05-18 09:00:00, 6
2014-05-18 09:30:00, 6
2014-05-18 10:00:00, 4
2014-05-18 10:30:00, 8
2014-05-18 11:00:00, 6
2014-05-18 11:30:00, 4
2014-05-18 12:00:00,14
2014-05-18 12:30:00, 8
2014-05-18 13:00:00, 4
2014-05-18 13:30:00,10
2014-05-18 14:00:00,12
2014-05-18 14:30:00,14
2014-05-18 15:00:00, 8
2014-05-18 15:30:00, 0
2014-05-18 16:00:00,10
2014-05-18 16:30:00, 4
2014-05-18 17:00:00, 4
2014-05-18 17:30:00, 2
2014-05-18 18:00:00, 0
2014-05-18 18:30:00, 2
2014-05-18 19:00:00, 2
2014-05-18 19:30:00, 6
2014-05-18 20:00:00, 0
2014-05-18 20:30:00,10
2014-05-18 21:00:00, 6
2014-05-18 21:30:00, 2
2014-05-18 22:00:00,18
2014-05-18 22:30:00,16
2014-05-18 23:00:00,14
2014-05-18 23:30:00,14
2014-05-19 00:00:00, 6
2014-05-19 00:30:00, 4
2014-05-19 01:00:00, 2
2014-05-19 01:30:00, 2
2014-05-19 02:00:00, 0
2014-05-19 02:30:00, 0
2014-05-19 03:00:00, 0
2014-05-19 03:30:00, 0
2014-05-19 04:00:00, 0
2014-05-19 04:30:00, 0
2014-05-19 05:00:00, 0
2014-05-19 05:30:00, 0
2014-05-19 06:00:00, 0
2014-05-19 06:30:00, 2
2014-05-19 07:00:00, 2
2014-05-19 07:30:00, 2
2014-05-19 08:00:00, 6
2014-05-19 08:30:00,10
2014-05-19 09:00:00, 4
2014-05-19 09:30:00, 4
2014-05-19 10:00:00,10
2014-05-19 10:30:00, 6
2014-05-19 11:00:00, 2
2014-05-19 11:30:00,10
2014-05-19 12:00:00,20
2014-05-19 12:30:00,18
2014-05-19 13:00:00,22
2014-05-19 13:30:00,10
2014-05-19 14:00:00, 2
2014-05-19 14:30:00,10
2014-05-19 15:00:00,16
2014-05-19 15:30:00,16
2014-05-19 16:00:00,12
2014-05-19 16:30:00, 4
2014-05-19 17:00:00, 6
2014-05-19 17:30:00, 2
2014-05-19 18:00:00, 4
2014-05-19 18:30:00,14
2014-05-19 19:00:00,18
2014-05-19 19:30:00, 6
2014-05-19 20:00:00, 6
2014-05-19 20:30:00,12
2014-05-19 21:00:00,12
2014-05-19 21:30:00, 8
2014-05-19 22:00:00,20
2014-05-19 22:30:00, 6
2014-05-19 23:00:00, 4
2014-05-19 23:30:00, 4
2014-05-20 00:00:00, 8
2014-05-20 00:30:00, 4
2014-05-20 01:00:00, 2
2014-05-20 01:30:00, 2
2014-05-20 02:00:00, 0
2014-05-20 02:30:00, 0
2014-05-20 03:00:00, 0
2014-05-20 03:30:00, 0
2014-05-20 04:00:00, 0
2014-05-20 04:30:00, 0
2014-05-20 05:00:00, 0
2014-05-20 05:30:00, 0
2014-05-20 06:00:00, 0
2014-05-20 06:30:00, 0
2014-05-20 07:00:00, 2
2014-05-20 07:30:00, 0
2014-05-20 08:00:00, 2
2014-05-20 08:30:00, 2
2014-05-20 09:00:00, 4
2014-05-20 09:30:00, 4
2014-05-20 10:00:00, 2
2014-05-20 10:30:00, 4
2014-05-20 11:00:00, 8
2014-05-20 11:30:00, 8
2014-05-20 12:00:00,10
2014-05-20 12:30:00, 0
2014-05-20 13:00:00, 0
2014-05-20 13:30:00, 0
2014-05-20 14:00:00, 0
2014-05-20 14:30:00, 0
2014-05-20 15:00:00, 0
2014-05-20 15:30:00, 0
2014-05-20 16:00:00,16
2014-05-20 16:30:00, 8
2014-05-20 17:00:00,10
2014-05-20 17:30:00, 4
2014-05-20 18:00:00, 6
2014-05-20 18:30:00, 6
2014-05-20 19:00:00,16
2014-05-20 19:30:00,18
2014-05-20 20:00:00, 8
2014-05-20 20:30:00,24
2014-05-20 21:00:00,34
2014-05-20 21:30:00,22
2014-05-20 22:00:00,16
2014-05-20 22:30:00, 6
2014-05-20 23:00:00, 4
2014-05-20 23:30:00, 8
2014-05-21 00:00:00, 6
2014-05-21 00:30:00, 6
2014-05-21 01:00:00, 2
2014-05-21 01:30:00, 0
2014-05-21 02:00:00, 4
2014-05-21 02:30:00, 0
2014-05-21 03:00:00, 0
2014-05-21 03:30:00, 0
2014-05-21 04:00:00, 0
2014-05-21 04:30:00, 0
2014-05-21 05:00:00, 0
2014-05-21 05:30:00, 0
2014-05-21 06:00:00, 0
2014-05-21 06:30:00, 0
2014-05-21 07:00:00, 0
2014-05-21 07:30:00, 2
2014-05-21 08:00:00, 0
2014-05-21 08:30:00, 2
2014-05-21 09:00:00, 6
2014-05-21 09:30:00, 6
2014-05-21 10:00:00,12
2014-05-21 10:30:00, 8
2014-05-21 11:00:00,18
2014-05-21 11:30:00,26
2014-05-21 12:00:00,42
2014-05-21 12:30:00,40
2014-05-21 13:00:00,28
2014-05-21 13:30:00,38
2014-05-21 14:00:00,14
2014-05-21 14:30:00, 6
2014-05-21 15:00:00,14
2014-05-21 15:30:00,24
2014-05-21 16:00:00,14
2014-05-21 16:30:00, 8
2014-05-21 17:00:00, 6
2014-05-21 17:30:00, 4
2014-05-21 18:00:00, 2
2014-05-21 18:30:00, 8
2014-05-21 19:00:00,10
2014-05-21 19:30:00, 6
2014-05-21 20:00:00,12
2014-05-21 20:30:00,18
2014-05-21 21:00:00, 8
2014-05-21 21:30:00,22
2014-05-21 22:00:00,10
2014-05-21 22:30:00,10
2014-05-21 23:00:00, 4
2014-05-21 23:30:00,12
2014-05-22 00:00:00, 2
2014-05-22 00:30:00, 0
2014-05-22 01:00:00, 2
2014-05-22 01:30:00, 2
2014-05-22 02:00:00, 2
2014-05-22 02:30:00, 0
2014-05-22 03:00:00, 0
2014-05-22 03:30:00, 0
2014-05-22 04:00:00, 0
2014-05-22 04:30:00, 0
2014-05-22 05:00:00, 0
2014-05-22 05:30:00, 0
2014-05-22 06:00:00, 0
2014-05-22 06:30:00, 0
2014-05-22 07:00:00, 0
2014-05-22 07:30:00, 2
2014-05-22 08:00:00, 8
2014-05-22 08:30:00, 2
2014-05-22 09:00:00, 8
2014-05-22 09:30:00,14
2014-05-22 10:00:00,10
2014-05-22 10:30:00,14
2014-05-22 11:00:00,16
2014-05-22 11:30:00,14
2014-05-22 12:00:00,16
2014-05-22 12:30:00,12
2014-05-22 13:00:00,10
2014-05-22 13:30:00,22
2014-05-22 14:00:00,16
2014-05-22 14:30:00, 0
2014-05-22 15:00:00,10
2014-05-22 15:30:00, 4
2014-05-22 16:00:00,20
2014-05-22 16:30:00,12
2014-05-22 17:00:00, 4
2014-05-22 17:30:00, 2
2014-05-22 18:00:00, 4
2014-05-22 18:30:00, 6
2014-05-22 19:00:00, 8
2014-05-22 19:30:00, 8
2014-05-22 20:00:00,10
2014-05-22 20:30:00, 4
2014-05-22 21:00:00, 6
2014-05-22 21:30:00, 8
2014-05-22 22:00:00, 8
2014-05-22 22:30:00,10
2014-05-22 23:00:00, 2
2014-05-22 23:30:00, 2
2014-05-23 00:00:00, 2
