2014-04-27 06:15:00, 12
2014-04-27 06:30:00,  8
2014-04-27 06:45:00,  0
2014-04-27 07:00:00,  8
2014-04-27 07:15:00,  8
2014-04-27 07:30:00,  8
2014-04-27 07:45:00,  4
2014-04-27 08:00:00,  8
2014-04-27 08:15:00,  0
2014-04-27 08:30:00, 12
2014-04-27 08:45:00,  8
2014-04-27 09:00:00,  4
2014-04-27 09:15:00,  8
2014-04-27 09:30:00, 28
2014-04-27 09:45:00, 12
2014-04-27 10:00:00, 16
2014-04-27 10:15:00, 16
2014-04-27 10:30:00, 12
2014-04-27 10:45:00,  4
2014-04-27 11:00:00, 16
2014-04-27 11:15:00, 44
2014-04-27 11:30:00, 20
2014-04-27 11:45:00, 32
2014-04-27 12:00:00, 16
2014-04-27 12:15:00, 36
2014-04-27 12:30:00, 32
2014-04-27 12:45:00, 24
2014-04-27 13:00:00, 80
2014-04-27 13:15:00, 64
2014-04-27 13:30:00, 68
2014-04-27 13:45:00, 60
2014-04-27 14:00:00, 92
2014-04-27 14:15:00, 88
2014-04-27 14:30:00, 36
2014-04-27 14:45:00, 56
2014-04-27 15:00:00, 56
2014-04-27 15:15:00, 64
2014-04-27 15:30:00, 64
2014-04-27 15:45:00, 64
2014-04-27 16:00:00, 44
2014-04-27 16:15:00, 32
2014-04-27 16:30:00, 32
2014-04-27 16:45:00, 56
2014-04-27 17:00:00, 24
2014-04-27 17:15:00, 12
2014-04-27 17:30:00, 36
2014-04-27 17:45:00, 32
2014-04-27 18:00:00, 24
2014-04-27 18:15:00, 32
2014-04-27 18:30:00, 24
2014-04-27 18:45:00, 28
2014-04-27 19:00:00, 44
2014-04-27 19:15:00, 36
2014-04-27 19:30:00, 28
2014-04-27 19:45:00, 44
2014-04-27 20:00:00, 68
2014-04-27 20:15:00, 44
2014-04-27 20:30:00, 40
2014-04-27 20:45:00, 36
2014-04-27 21:00:00, 40
2014-04-27 21:15:00, 56
2014-04-27 21:30:00, 32
2014-04-27 21:45:00, 56
2014-04-27 22:00:00, 52
2014-04-27 22:15:00, 64
2014-04-27 22:30:00, 80
2014-04-27 22:45:00, 72
2014-04-27 23:00:00, 60
2014-04-27 23:15:00, 64
2014-04-27 23:30:00, 64
2014-04-27 23:45:00, 40
2014-04-28 00:00:00, 56
2014-04-28 00:15:00, 24
2014-04-28 00:30:00, 52
2014-04-28 00:45:00, 24
2014-04-28 01:00:00, 16
2014-04-28 01:15:00, 12
2014-04-28 01:30:00,  0
2014-04-28 01:45:00, 24
2014-04-28 02:00:00, 12
2014-04-28 02:15:00, 20
2014-04-28 02:30:00,  0
2014-04-28 02:45:00, 12
2014-04-28 03:00:00,  8
2014-04-28 03:15:00,  8
2014-04-28 03:30:00,  4
2014-04-28 03:45:00, 12
2014-04-28 04:00:00, 12
2014-04-28 04:15:00,  4
2014-04-28 04:30:00,  0
2014-04-28 04:45:00,  0
2014-04-28 05:00:00,  0
2014-04-28 05:15:00,  0
2014-04-28 05:30:00,  0
2014-04-28 05:45:00,  0
2014-04-28 06:00:00,  0
2014-04-28 06:15:00,  4
2014-04-28 06:30:00,  4
2014-04-28 06:45:00,  0
2014-04-28 07:00:00,  8
2014-04-28 07:15:00, 16
2014-04-28 07:30:00,  8
2014-04-28 07:45:00, 20
2014-04-28 08:00:00, 16
2014-04-28 08:15:00, 16
2014-04-28 08:30:00, 24
2014-04-28 08:45:00, 40
2014-04-28 09:00:00, 52
2014-04-28 09:15:00, 64
2014-04-28 09:30:00,120
2014-04-28 09:45:00,160
2014-04-28 10:00:00, 60
2014-04-28 10:15:00,100
2014-04-28 10:30:00,140
2014-04-28 10:45:00,108
2014-04-28 11:00:00,120
2014-04-28 11:15:00, 68
2014-04-28 11:30:00, 96
2014-04-28 11:45:00,108
2014-04-28 12:00:00,100
2014-04-28 12:15:00, 56
2014-04-28 12:30:00,116
2014-04-28 12:45:00, 36
2014-04-28 13:00:00, 52
2014-04-28 13:15:00, 28
2014-04-28 13:30:00, 60
2014-04-28 13:45:00, 52
2014-04-28 14:00:00, 76
2014-04-28 14:15:00, 36
2014-04-28 14:30:00, 48
2014-04-28 14:45:00, 56
2014-04-28 15:00:00, 56
2014-04-28 15:15:00, 52
2014-04-28 15:30:00, 52
2014-04-28 15:45:00, 44
2014-04-28 16:00:00, 44
2014-04-28 16:15:00, 84
2014-04-28 16:30:00, 80
2014-04-28 16:45:00, 60
2014-04-28 17:00:00, 80
2014-04-28 17:15:00, 88
2014-04-28 17:30:00, 80
2014-04-28 17:45:00, 72
2014-04-28 18:00:00, 88
2014-04-28 18:15:00, 36
2014-04-28 18:30:00, 52
2014-04-28 18:45:00, 40
2014-04-28 19:00:00, 68
2014-04-28 19:15:00, 48
2014-04-28 19:30:00, 80
2014-04-28 19:45:00, 36
2014-04-28 20:00:00, 60
2014-04-28 20:15:00,100
2014-04-28 20:30:00, 60
2014-04-28 20:45:00, 88
2014-04-28 21:00:00, 60
2014-04-28 21:15:00, 68
2014-04-28 21:30:00, 96
2014-04-28 21:45:00, 92
2014-04-28 22:00:00, 68
2014-04-28 22:15:00, 60
2014-04-28 22:30:00, 72
2014-04-28 22:45:00, 32
2014-04-28 23:00:00, 68
2014-04-28 23:15:00, 72
2014-04-28 23:30:00, 64
2014-04-28 23:45:00, 52
2014-04-29 00:00:00, 20
2014-04-29 00:15:00, 60
2014-04-29 00:30:00, 20
2014-04-29 00:45:00, 20
2014-04-29 01:00:00, 44
2014-04-29 01:15:00, 20
2014-04-29 01:30:00, 32
2014-04-29 01:45:00,  4
2014-04-29 02:00:00, 12
2014-04-29 02:15:00, 28
2014-04-29 02:30:00,  0
2014-04-29 02:45:00,  8
2014-04-29 03:00:00,  4
2014-04-29 03:15:00,  8
2014-04-29 03:30:00, 20
2014-04-29 03:45:00,  8
2014-04-29 04:00:00,  4
2014-04-29 04:15:00,  4
2014-04-29 04:30:00,  4
2014-04-29 04:45:00,  4
2014-04-29 05:00:00,  8
2014-04-29 05:15:00,  0
2014-04-29 05:30:00,  0
2014-04-29 05:45:00,  0
2014-04-29 06:00:00,  0
2014-04-29 06:15:00,  0
2014-04-29 06:30:00,  8
2014-04-29 06:45:00,  4
2014-04-29 07:00:00,  4
2014-04-29 07:15:00, 16
2014-04-29 07:30:00,  0
2014-04-29 07:45:00,  4
2014-04-29 08:00:00, 24
2014-04-29 08:15:00, 20
2014-04-29 08:30:00, 32
2014-04-29 08:45:00, 40
2014-04-29 09:00:00, 64
2014-04-29 09:15:00, 76
2014-04-29 09:30:00, 88
2014-04-29 09:45:00,132
2014-04-29 10:00:00, 96
2014-04-29 10:15:00, 72
2014-04-29 10:30:00,108
2014-04-29 10:45:00, 88
2014-04-29 11:00:00, 84
2014-04-29 11:15:00,112
2014-04-29 11:30:00,112
2014-04-29 11:45:00, 96
2014-04-29 12:00:00, 52
2014-04-29 12:15:00, 56
2014-04-29 12:30:00, 84
2014-04-29 12:45:00, 64
2014-04-29 13:00:00, 88
2014-04-29 13:15:00, 52
2014-04-29 13:30:00, 68
2014-04-29 13:45:00, 44
2014-04-29 14:00:00, 40
2014-04-29 14:15:00, 76
2014-04-29 14:30:00, 80
2014-04-29 14:45:00, 40
2014-04-29 15:00:00, 64
2014-04-29 15:15:00, 64
2014-04-29 15:30:00, 80
2014-04-29 15:45:00, 72
2014-04-29 16:00:00, 84
2014-04-29 16:15:00, 52
2014-04-29 16:30:00, 80
2014-04-29 16:45:00, 76
2014-04-29 17:00:00, 84
2014-04-29 17:15:00, 68
2014-04-29 17:30:00, 48
2014-04-29 17:45:00, 80
2014-04-29 18:00:00, 28
2014-04-29 18:15:00, 36
2014-04-29 18:30:00, 24
2014-04-29 18:45:00, 76
2014-04-29 19:00:00, 48
2014-04-29 19:15:00, 76
2014-04-29 19:30:00, 48
2014-04-29 19:45:00, 48
2014-04-29 20:00:00, 56
2014-04-29 20:15:00, 88
2014-04-29 20:30:00, 40
2014-04-29 20:45:00, 68
2014-04-29 21:00:00, 64
2014-04-29 21:15:00, 68
2014-04-29 21:30:00, 36
2014-04-29 21:45:00, 68
2014-04-29 22:00:00,100
2014-04-29 22:15:00, 48
2014-04-29 22:30:00, 64
2014-04-29 22:45:00, 24
2014-04-29 23:00:00, 44
2014-04-29 23:15:00, 80
2014-04-29 23:30:00, 68
2014-04-29 23:45:00, 60
2014-04-30 00:00:00, 24
2014-04-30 00:15:00, 28
2014-04-30 00:30:00, 20
2014-04-30 00:45:00, 20
2014-04-30 01:00:00,  8
2014-04-30 01:15:00, 16
2014-04-30 01:30:00, 24
2014-04-30 01:45:00, 12
2014-04-30 02:00:00,  8
2014-04-30 02:15:00, 16
2014-04-30 02:30:00, 12
2014-04-30 02:45:00,  8
2014-04-30 03:00:00, 12
2014-04-30 03:15:00,  4
2014-04-30 03:30:00,  4
2014-04-30 03:45:00,  4
2014-04-30 04:00:00,  8
2014-04-30 04:15:00,  0
2014-04-30 04:30:00,  0
2014-04-30 04:45:00,  0
2014-04-30 05:00:00,  0
2014-04-30 05:15:00,  0
2014-04-30 05:30:00,  0
2014-04-30 05:45:00,  0
2014-04-30 06:00:00,  4
2014-04-30 06:15:00,  8
2014-04-30 06:30:00,  4
2014-04-30 06:45:00,  8
2014-04-30 07:00:00,  0
2014-04-30 07:15:00, 12
2014-04-30 07:30:00, 12
2014-04-30 07:45:00, 16
2014-04-30 08:00:00,  8
2014-04-30 08:15:00, 28
2014-04-30 08:30:00, 24
2014-04-30 08:45:00, 64
2014-04-30 09:00:00, 60
2014-04-30 09:15:00,120
2014-04-30 09:30:00, 96
2014-04-30 09:45:00,144
2014-04-30 10:00:00, 76
2014-04-30 10:15:00,108
2014-04-30 10:30:00,132
2014-04-30 10:45:00,128
2014-04-30 11:00:00, 92
2014-04-30 11:15:00, 96
2014-04-30 11:30:00,108
2014-04-30 11:45:00, 76
2014-04-30 12:00:00, 72
2014-04-30 12:15:00, 72
2014-04-30 12:30:00,104
2014-04-30 12:45:00, 52
2014-04-30 13:00:00, 48
2014-04-30 13:15:00, 68
2014-04-30 13:30:00, 72
2014-04-30 13:45:00, 64
2014-04-30 14:00:00, 80
2014-04-30 14:15:00, 68
2014-04-30 14:30:00, 68
2014-04-30 14:45:00, 60
2014-04-30 15:00:00, 56
2014-04-30 15:15:00, 80
2014-04-30 15:30:00, 72
2014-04-30 15:45:00,120
2014-04-30 16:00:00, 68
2014-04-30 16:15:00, 52
2014-04-30 16:30:00, 92
2014-04-30 16:45:00, 68
2014-04-30 17:00:00, 92
2014-04-30 17:15:00, 40
2014-04-30 17:30:00, 60
2014-04-30 17:45:00, 68
2014-04-30 18:00:00, 64
2014-04-30 18:15:00, 40
2014-04-30 18:30:00, 24
2014-04-30 18:45:00, 84
2014-04-30 19:00:00, 32
2014-04-30 19:15:00, 68
2014-04-30 19:30:00, 60
2014-04-30 19:45:00, 72
2014-04-30 20:00:00, 48
2014-04-30 20:15:00, 56
2014-04-30 20:30:00, 80
2014-04-30 20:45:00,116
2014-04-30 21:00:00, 72
2014-04-30 21:15:00, 76
2014-04-30 21:30:00,108
2014-04-30 21:45:00,108
2014-04-30 22:00:00, 88
2014-04-30 22:15:00,124
2014-04-30 22:30:00,100
2014-04-30 22:45:00, 88
2014-04-30 23:00:00, 48
2014-04-30 23:15:00, 80
2014-04-30 23:30:00, 32
2014-04-30 23:45:00, 44
2014-05-01 00:00:00, 40
2014-05-01 00:15:00, 44
2014-05-01 00:30:00, 28
2014-05-01 00:45:00, 52
2014-05-01 01:00:00, 32
2014-05-01 01:15:00,  8
2014-05-01 01:30:00, 20
2014-05-01 01:45:00, 20
2014-05-01 02:00:00, 15
2014-05-01 02:15:00, 45
2014-05-01 02:30:00, 15
2014-05-01 02:45:00, 20
2014-05-01 03:00:00, 25
2014-05-01 03:15:00, 20
2014-05-01 03:30:00, 10
2014-05-01 03:45:00, 10
2014-05-01 04:00:00, 40
2014-05-01 04:15:00, 10
2014-05-01 04:30:00, 15
2014-05-01 04:45:00,  0
2014-05-01 05:00:00,  5
2014-05-01 05:15:00,  0
2014-05-01 05:30:00,  0
2014-05-01 05:45:00,  0
2014-05-01 06:00:00,  0
2014-05-01 06:15:00,  5
2014-05-01 06:30:00,  5
2014-05-01 06:45:00, 10
2014-05-01 07:00:00, 10
2014-05-01 07:15:00, 10
2014-05-01 07:30:00, 15
2014-05-01 07:45:00,  0
2014-05-01 08:00:00,  0
2014-05-01 08:15:00, 15
2014-05-01 08:30:00, 25
2014-05-01 08:45:00, 30
2014-05-01 09:00:00, 45
2014-05-01 09:15:00, 30
2014-05-01 09:30:00, 45
2014-05-01 09:45:00, 15
2014-05-01 10:00:00, 20
2014-05-01 10:15:00, 15
2014-05-01 10:30:00, 50
2014-05-01 10:45:00, 50
2014-05-01 11:00:00,110
2014-05-01 11:15:00, 55
2014-05-01 11:30:00, 65
2014-05-01 11:45:00, 55
2014-05-01 12:00:00, 45
2014-05-01 12:15:00, 85
2014-05-01 12:30:00, 70
2014-05-01 12:45:00, 70
2014-05-01 13:00:00, 70
2014-05-01 13:15:00, 95
2014-05-01 13:30:00,140
2014-05-01 13:45:00, 85
2014-05-01 14:00:00, 75
2014-05-01 14:15:00, 60
2014-05-01 14:30:00,125
2014-05-01 14:45:00, 70
2014-05-01 15:00:00, 50
2014-05-01 15:15:00, 85
2014-05-01 15:30:00, 65
2014-05-01 15:45:00, 80
2014-05-01 16:00:00, 95
2014-05-01 16:15:00, 40
2014-05-01 16:30:00, 40
2014-05-01 16:45:00, 40
2014-05-01 17:00:00, 45
2014-05-01 17:15:00, 35
2014-05-01 17:30:00, 10
2014-05-01 17:45:00, 25
2014-05-01 18:00:00, 40
2014-05-01 18:15:00, 60
2014-05-01 18:30:00, 30
2014-05-01 18:45:00, 35
2014-05-01 19:00:00, 15
2014-05-01 19:15:00, 50
2014-05-01 19:30:00, 20
2014-05-01 19:45:00, 15
2014-05-01 20:00:00, 15
2014-05-01 20:15:00, 40
2014-05-01 20:30:00, 45
2014-05-01 20:45:00, 60
2014-05-01 21:00:00, 60
2014-05-01 21:15:00, 95
2014-05-01 21:30:00, 50
2014-05-01 21:45:00, 70
2014-05-01 22:00:00, 90
2014-05-01 22:15:00, 70
2014-05-01 22:30:00, 80
2014-05-01 22:45:00, 65
2014-05-01 23:00:00, 95
2014-05-01 23:15:00, 50
2014-05-01 23:30:00, 80
2014-05-01 23:45:00, 45
2014-05-02 00:00:00, 55
2014-05-02 00:15:00, 45
2014-05-02 00:30:00, 30
2014-05-02 00:45:00, 20
2014-05-02 01:00:00, 50
2014-05-02 01:15:00, 45
2014-05-02 01:30:00, 35
2014-05-02 01:45:00, 45
2014-05-02 02:00:00, 24
2014-05-02 02:15:00, 24
2014-05-02 02:30:00,  4
2014-05-02 02:45:00, 16
2014-05-02 03:00:00,  8
2014-05-02 03:15:00,  8
2014-05-02 03:30:00, 28
2014-05-02 03:45:00,  4
2014-05-02 04:00:00,  0
2014-05-02 04:15:00, 12
2014-05-02 04:30:00,  4
2014-05-02 04:45:00,  0
2014-05-02 05:00:00,  0
2014-05-02 05:15:00,  0
2014-05-02 05:30:00,  0
2014-05-02 05:45:00,  0
2014-05-02 06:00:00,  0
2014-05-02 06:15:00,  8
2014-05-02 06:30:00,  0
2014-05-02 06:45:00,  0
2014-05-02 07:00:00,  8
2014-05-02 07:15:00, 20
2014-05-02 07:30:00, 16
2014-05-02 07:45:00, 16
2014-05-02 08:00:00, 20
2014-05-02 08:15:00, 20
2014-05-02 08:30:00, 24
2014-05-02 08:45:00, 28
2014-05-02 09:00:00, 32
2014-05-02 09:15:00, 52
2014-05-02 09:30:00, 56
2014-05-02 09:45:00, 68
2014-05-02 10:00:00, 64
2014-05-02 10:15:00, 84
2014-05-02 10:30:00, 84
2014-05-02 10:45:00, 92
2014-05-02 11:00:00, 64
2014-05-02 11:15:00,116
2014-05-02 11:30:00, 64
2014-05-02 11:45:00, 84
2014-05-02 12:00:00, 80
2014-05-02 12:15:00, 64
2014-05-02 12:30:00, 68
2014-05-02 12:45:00, 52
2014-05-02 13:00:00, 84
2014-05-02 13:15:00, 44
2014-05-02 13:30:00, 20
2014-05-02 13:45:00, 68
2014-05-02 14:00:00,  8
2014-05-02 14:15:00,  0
2014-05-02 14:30:00, 52
2014-05-02 14:45:00, 84
2014-05-02 15:00:00, 92
2014-05-02 15:15:00, 64
2014-05-02 15:30:00, 88
2014-05-02 15:45:00, 88
2014-05-02 16:00:00, 72
2014-05-02 16:15:00,104
2014-05-02 16:30:00, 72
2014-05-02 16:45:00, 72
2014-05-02 17:00:00, 40
2014-05-02 17:15:00, 80
2014-05-02 17:30:00, 64
2014-05-02 17:45:00, 20
2014-05-02 18:00:00, 28
2014-05-02 18:15:00, 36
2014-05-02 18:30:00, 52
2014-05-02 18:45:00, 52
2014-05-02 19:00:00, 44
2014-05-02 19:15:00, 28
2014-05-02 19:30:00, 68
2014-05-02 19:45:00, 60
2014-05-02 20:00:00, 52
2014-05-02 20:15:00, 52
2014-05-02 20:30:00, 64
2014-05-02 20:45:00, 28
2014-05-02 21:00:00,  0
2014-05-02 21:15:00, 12
2014-05-02 21:30:00, 88
2014-05-02 21:45:00, 96
2014-05-02 22:00:00, 80
2014-05-02 22:15:00, 48
2014-05-02 22:30:00, 76
2014-05-02 22:45:00, 48
2014-05-02 23:00:00, 84
2014-05-02 23:15:00, 36
2014-05-02 23:30:00, 80
2014-05-02 23:45:00, 44
2014-05-03 00:00:00, 56
2014-05-03 00:15:00, 72
2014-05-03 00:30:00, 32
2014-05-03 00:45:00, 28
2014-05-03 01:00:00, 24
2014-05-03 01:15:00, 28
2014-05-03 01:30:00, 44
2014-05-03 01:45:00, 20
2014-05-03 02:00:00, 12
2014-05-03 02:15:00, 32
2014-05-03 02:30:00, 28
2014-05-03 02:45:00,  0
2014-05-03 03:00:00, 24
2014-05-03 03:15:00, 24
2014-05-03 03:30:00,  8
2014-05-03 03:45:00, 16
2014-05-03 04:00:00, 16
2014-05-03 04:15:00,  8
2014-05-03 04:30:00, 16
2014-05-03 04:45:00,  0
2014-05-03 05:00:00,  0
2014-05-03 05:15:00,  0
2014-05-03 05:30:00,  0
2014-05-03 05:45:00,  0
2014-05-03 06:00:00,  0
2014-05-03 06:15:00,  0
2014-05-03 06:30:00,  0
2014-05-03 06:45:00,  0
2014-05-03 07:00:00,  0
2014-05-03 07:15:00,  8
2014-05-03 07:30:00,  4
2014-05-03 07:45:00,  0
2014-05-03 08:00:00, 32
2014-05-03 08:15:00,  8
2014-05-03 08:30:00, 20
2014-05-03 08:45:00, 28
2014-05-03 09:00:00, 12
2014-05-03 09:15:00, 28
2014-05-03 09:30:00, 44
2014-05-03 09:45:00, 16
2014-05-03 10:00:00, 28
2014-05-03 10:15:00, 20
2014-05-03 10:30:00, 32
2014-05-03 10:45:00, 20
2014-05-03 11:00:00, 36
2014-05-03 11:15:00, 64
2014-05-03 11:30:00, 36
2014-05-03 11:45:00, 52
2014-05-03 12:00:00, 40
2014-05-03 12:15:00, 60
2014-05-03 12:30:00, 60
2014-05-03 12:45:00, 60
2014-05-03 13:00:00, 52
2014-05-03 13:15:00, 72
2014-05-03 13:30:00, 96
2014-05-03 13:45:00, 76
2014-05-03 14:00:00, 48
2014-05-03 14:15:00, 68
2014-05-03 14:30:00, 40
2014-05-03 14:45:00, 52
2014-05-03 15:00:00, 52
2014-05-03 15:15:00, 52
2014-05-03 15:30:00, 56
2014-05-03 15:45:00, 68
2014-05-03 16:00:00, 96
2014-05-03 16:15:00, 64
2014-05-03 16:30:00, 36
2014-05-03 16:45:00, 60
2014-05-03 17:00:00, 40
2014-05-03 17:15:00, 36
2014-05-03 17:30:00, 36
2014-05-03 17:45:00, 28
2014-05-03 18:00:00, 20
2014-05-03 18:15:00, 20
2014-05-03 18:30:00, 28
2014-05-03 18:45:00, 24
2014-05-03 19:00:00, 20
2014-05-03 19:15:00, 20
2014-05-03 19:30:00, 24
2014-05-03 19:45:00, 32
2014-05-03 20:00:00, 44
2014-05-03 20:15:00, 36
2014-05-03 20:30:00, 48
2014-05-03 20:45:00, 28
2014-05-03 21:00:00, 68
2014-05-03 21:15:00, 36
2014-05-03 21:30:00, 48
2014-05-03 21:45:00, 52
2014-05-03 22:00:00, 48
2014-05-03 22:15:00, 48
2014-05-03 22:30:00, 60
2014-05-03 22:45:00, 56
2014-05-03 23:00:00, 84
2014-05-03 23:15:00, 76
2014-05-03 23:30:00, 76
2014-05-03 23:45:00, 40
2014-05-04 00:00:00, 56
2014-05-04 00:15:00, 52
2014-05-04 00:30:00, 48
2014-05-04 00:45:00, 44
2014-05-04 01:00:00, 36
2014-05-04 01:15:00, 32
2014-05-04 01:30:00, 16
2014-05-04 01:45:00, 36
2014-05-04 02:00:00, 24
2014-05-04 02:15:00, 28
2014-05-04 02:30:00, 16
2014-05-04 02:45:00, 12
2014-05-04 03:00:00, 24
2014-05-04 03:15:00, 16
2014-05-04 03:30:00, 28
2014-05-04 03:45:00,  8
2014-05-04 04:00:00, 28
2014-05-04 04:15:00, 28
2014-05-04 04:30:00,  8
2014-05-04 04:45:00, 12
2014-05-04 05:00:00,  0
2014-05-04 05:15:00,  8
2014-05-04 05:30:00,  0
2014-05-04 05:45:00,  0
2014-05-04 06:00:00,  0
2014-05-04 06:15:00, 12
2014-05-04 06:30:00,  4
2014-05-04 06:45:00,  0
2014-05-04 07:00:00,  8
2014-05-04 07:15:00,  8
2014-05-04 07:30:00, 12
2014-05-04 07:45:00, 16
2014-05-04 08:00:00,  0
2014-05-04 08:15:00,  0
2014-05-04 08:30:00, 12
2014-05-04 08:45:00, 16
2014-05-04 09:00:00, 12
2014-05-04 09:15:00,  8
2014-05-04 09:30:00, 16
2014-05-04 09:45:00,  8
2014-05-04 10:00:00, 28
2014-05-04 10:15:00, 16
2014-05-04 10:30:00, 20
2014-05-04 10:45:00, 16
2014-05-04 11:00:00, 32
2014-05-04 11:15:00, 32
2014-05-04 11:30:00, 16
2014-05-04 11:45:00, 44
2014-05-04 12:00:00, 32
2014-05-04 12:15:00, 52
2014-05-04 12:30:00, 44
2014-05-04 12:45:00, 56
2014-05-04 13:00:00, 40
2014-05-04 13:15:00, 92
2014-05-04 13:30:00, 64
2014-05-04 13:45:00, 56
2014-05-04 14:00:00, 80
2014-05-04 14:15:00, 64
2014-05-04 14:30:00, 36
2014-05-04 14:45:00, 52
2014-05-04 15:00:00, 64
2014-05-04 15:15:00, 76
2014-05-04 15:30:00, 88
2014-05-04 15:45:00, 52
2014-05-04 16:00:00, 12
2014-05-04 16:15:00, 36
2014-05-04 16:30:00, 36
2014-05-04 16:45:00, 40
2014-05-04 17:00:00, 20
2014-05-04 17:15:00,  8
2014-05-04 17:30:00, 16
2014-05-04 17:45:00, 12
2014-05-04 18:00:00, 32
2014-05-04 18:15:00, 20
2014-05-04 18:30:00, 28
2014-05-04 18:45:00, 16
2014-05-04 19:00:00, 20
2014-05-04 19:15:00, 20
2014-05-04 19:30:00, 24
2014-05-04 19:45:00, 32
2014-05-04 20:00:00, 32
2014-05-04 20:15:00, 56
2014-05-04 20:30:00, 48
2014-05-04 20:45:00, 28
2014-05-04 21:00:00, 40
2014-05-04 21:15:00, 52
2014-05-04 21:30:00, 48
2014-05-04 21:45:00, 28
2014-05-04 22:00:00, 64
2014-05-04 22:15:00, 68
2014-05-04 22:30:00, 68
2014-05-04 22:45:00, 60
2014-05-04 23:00:00, 72
2014-05-04 23:15:00, 40
2014-05-04 23:30:00, 76
2014-05-04 23:45:00, 28
2014-05-05 00:00:00, 60
2014-05-05 00:15:00, 40
2014-05-05 00:30:00, 52
2014-05-05 00:45:00, 28
2014-05-05 01:00:00, 56
2014-05-05 01:15:00, 20
2014-05-05 01:30:00, 20
2014-05-05 01:45:00, 24
2014-05-05 02:00:00, 12
2014-05-05 02:15:00, 16
2014-05-05 02:30:00, 12
2014-05-05 02:45:00,  8
2014-05-05 03:00:00, 28
2014-05-05 03:15:00, 12
2014-05-05 03:30:00,  8
2014-05-05 03:45:00,  0
2014-05-05 04:00:00,  0
2014-05-05 04:15:00,  8
2014-05-05 04:30:00,  8
2014-05-05 04:45:00, 16
2014-05-05 05:00:00,  0
2014-05-05 05:15:00,  8
2014-05-05 05:30:00,  0
2014-05-05 05:45:00,  0
2014-05-05 06:00:00,  0
2014-05-05 06:15:00,  4
2014-05-05 06:30:00,  0
2014-05-05 06:45:00,  8
2014-05-05 07:00:00, 12
2014-05-05 07:15:00, 12
2014-05-05 07:30:00, 12
2014-05-05 07:45:00, 24
2014-05-05 08:00:00, 16
2014-05-05 08:15:00, 36
2014-05-05 08:30:00, 52
2014-05-05 08:45:00, 52
2014-05-05 09:00:00, 68
2014-05-05 09:15:00, 60
2014-05-05 09:30:00, 80
2014-05-05 09:45:00,100
2014-05-05 10:00:00, 96
2014-05-05 10:15:00, 56
2014-05-05 10:30:00,116
2014-05-05 10:45:00,124
2014-05-05 11:00:00,100
2014-05-05 11:15:00, 80
2014-05-05 11:30:00, 76
2014-05-05 11:45:00, 60
2014-05-05 12:00:00, 92
2014-05-05 12:15:00, 60
2014-05-05 12:30:00, 68
2014-05-05 12:45:00, 32
2014-05-05 13:00:00, 44
2014-05-05 13:15:00, 32
2014-05-05 13:30:00, 48
2014-05-05 13:45:00, 92
2014-05-05 14:00:00, 40
2014-05-05 14:15:00, 40
2014-05-05 14:30:00, 80
2014-05-05 14:45:00, 64
2014-05-05 15:00:00, 64
2014-05-05 15:15:00, 56
2014-05-05 15:30:00, 80
2014-05-05 15:45:00,100
2014-05-05 16:00:00, 76
2014-05-05 16:15:00, 68
2014-05-05 16:30:00, 64
2014-05-05 16:45:00, 36
2014-05-05 17:00:00, 48
2014-05-05 17:15:00, 56
2014-05-05 17:30:00, 64
2014-05-05 17:45:00, 52
2014-05-05 18:00:00, 52
2014-05-05 18:15:00, 60
2014-05-05 18:30:00, 40
2014-05-05 18:45:00, 52
2014-05-05 19:00:00, 32
2014-05-05 19:15:00, 32
2014-05-05 19:30:00, 20
2014-05-05 19:45:00, 48
2014-05-05 20:00:00, 24
2014-05-05 20:15:00, 56
2014-05-05 20:30:00, 44
2014-05-05 20:45:00, 52
2014-05-05 21:00:00, 76
2014-05-05 21:15:00, 84
2014-05-05 21:30:00, 44
2014-05-05 21:45:00, 52
2014-05-05 22:00:00, 68
2014-05-05 22:15:00, 68
2014-05-05 22:30:00, 52
2014-05-05 22:45:00, 72
2014-05-05 23:00:00, 64
2014-05-05 23:15:00, 72
2014-05-05 23:30:00, 52
2014-05-05 23:45:00, 52
2014-05-06 00:00:00, 60
2014-05-06 00:15:00, 28
2014-05-06 00:30:00, 28
2014-05-06 00:45:00, 32
2014-05-06 01:00:00, 20
2014-05-06 01:15:00, 32
2014-05-06 01:30:00, 16
2014-05-06 01:45:00, 12
2014-05-06 02:00:00, 12
2014-05-06 02:15:00, 12
2014-05-06 02:30:00, 12
2014-05-06 02:45:00,  8
2014-05-06 03:00:00,  4
2014-05-06 03:15:00,  4
2014-05-06 03:30:00, 12
2014-05-06 03:45:00,  0
2014-05-06 04:00:00,  0
2014-05-06 04:15:00,  8
2014-05-06 04:30:00,  4
2014-05-06 04:45:00,  4
2014-05-06 05:00:00, 16
2014-05-06 05:15:00,  4
2014-05-06 05:30:00,  0
2014-05-06 05:45:00,  0
2014-05-06 06:00:00,  0
2014-05-06 06:15:00,  0
2014-05-06 06:30:00,  8
2014-05-06 06:45:00,  0
2014-05-06 07:00:00, 16
2014-05-06 07:15:00,  4
2014-05-06 07:30:00,  4
2014-05-06 07:45:00,  4
2014-05-06 08:00:00, 20
2014-05-06 08:15:00, 24
2014-05-06 08:30:00, 36
2014-05-06 08:45:00, 56
2014-05-06 09:00:00, 44
2014-05-06 09:15:00, 76
2014-05-06 09:30:00, 72
2014-05-06 09:45:00,120
2014-05-06 10:00:00, 68
2014-05-06 10:15:00, 96
2014-05-06 10:30:00, 88
2014-05-06 10:45:00,148
2014-05-06 11:00:00,116
2014-05-06 11:15:00,100
2014-05-06 11:30:00, 68
2014-05-06 11:45:00, 64
2014-05-06 12:00:00, 92
2014-05-06 12:15:00, 72
2014-05-06 12:30:00, 72
2014-05-06 12:45:00, 64
2014-05-06 13:00:00, 52
2014-05-06 13:15:00, 32
2014-05-06 13:30:00, 68
2014-05-06 13:45:00, 48
2014-05-06 14:00:00, 72
2014-05-06 14:15:00, 56
2014-05-06 14:30:00, 84
2014-05-06 14:45:00, 32
2014-05-06 15:00:00, 76
2014-05-06 15:15:00, 52
2014-05-06 15:30:00,104
2014-05-06 15:45:00,104
2014-05-06 16:00:00, 96
2014-05-06 16:15:00, 64
2014-05-06 16:30:00, 84
2014-05-06 16:45:00, 84
2014-05-06 17:00:00, 44
2014-05-06 17:15:00, 52
2014-05-06 17:30:00, 36
2014-05-06 17:45:00, 56
2014-05-06 18:00:00, 36
2014-05-06 18:15:00, 56
2014-05-06 18:30:00, 28
2014-05-06 18:45:00, 32
2014-05-06 19:00:00, 32
2014-05-06 19:15:00, 36
2014-05-06 19:30:00, 56
2014-05-06 19:45:00, 40
2014-05-06 20:00:00, 56
2014-05-06 20:15:00, 52
2014-05-06 20:30:00, 44
2014-05-06 20:45:00, 68
2014-05-06 21:00:00, 32
2014-05-06 21:15:00, 44
2014-05-06 21:30:00, 64
2014-05-06 21:45:00, 68
2014-05-06 22:00:00, 52
2014-05-06 22:15:00, 60
2014-05-06 22:30:00, 44
2014-05-06 22:45:00, 60
2014-05-06 23:00:00, 68
2014-05-06 23:15:00, 96
2014-05-06 23:30:00, 64
2014-05-06 23:45:00, 52
2014-05-07 00:00:00, 68
2014-05-07 00:15:00, 40
2014-05-07 00:30:00, 16
2014-05-07 00:45:00,  8
2014-05-07 01:00:00, 20
2014-05-07 01:15:00, 36
2014-05-07 01:30:00, 20
2014-05-07 01:45:00, 12
2014-05-07 02:00:00, 36
2014-05-07 02:15:00, 20
2014-05-07 02:30:00,  8
2014-05-07 02:45:00,  8
2014-05-07 03:00:00,  0
2014-05-07 03:15:00,  4
2014-05-07 03:30:00,  4
2014-05-07 03:45:00,  4
2014-05-07 04:00:00,  4
2014-05-07 04:15:00,  8
2014-05-07 04:30:00,  4
2014-05-07 04:45:00,  8
2014-05-07 05:00:00,  4
2014-05-07 05:15:00,  8
2014-05-07 05:30:00,  0
2014-05-07 05:45:00,  0
2014-05-07 06:00:00,  0
2014-05-07 06:15:00,  0
2014-05-07 06:30:00,  0
2014-05-07 06:45:00,  8
2014-05-07 07:00:00,  8
2014-05-07 07:15:00,  4
2014-05-07 07:30:00, 12
2014-05-07 07:45:00, 12
2014-05-07 08:00:00,  8
2014-05-07 08:15:00, 24
2014-05-07 08:30:00, 20
2014-05-07 08:45:00, 56
2014-05-07 09:00:00, 40
2014-05-07 09:15:00, 68
2014-05-07 09:30:00, 80
2014-05-07 09:45:00, 88
2014-05-07 10:00:00,140
2014-05-07 10:15:00, 96
2014-05-07 10:30:00,104
2014-05-07 10:45:00, 84
2014-05-07 11:00:00, 96
2014-05-07 11:15:00, 64
2014-05-07 11:30:00, 88
2014-05-07 11:45:00, 60
2014-05-07 12:00:00, 56
2014-05-07 12:15:00, 40
2014-05-07 12:30:00, 76
2014-05-07 12:45:00, 60
2014-05-07 13:00:00, 48
2014-05-07 13:15:00, 56
2014-05-07 13:30:00, 64
2014-05-07 13:45:00, 60
2014-05-07 14:00:00, 40
2014-05-07 14:15:00, 68
2014-05-07 14:30:00, 84
2014-05-07 14:45:00, 32
2014-05-07 15:00:00, 60
2014-05-07 15:15:00, 80
2014-05-07 15:30:00, 64
2014-05-07 15:45:00, 64
2014-05-07 16:00:00, 84
2014-05-07 16:15:00, 80
2014-05-07 16:30:00, 64
2014-05-07 16:45:00, 76
2014-05-07 17:00:00, 40
2014-05-07 17:15:00, 60
2014-05-07 17:30:00, 76
2014-05-07 17:45:00, 80
2014-05-07 18:00:00, 52
2014-05-07 18:15:00, 28
2014-05-07 18:30:00, 44
2014-05-07 18:45:00, 28
2014-05-07 19:00:00, 52
2014-05-07 19:15:00, 36
2014-05-07 19:30:00, 40
2014-05-07 19:45:00, 32
2014-05-07 20:00:00, 68
2014-05-07 20:15:00, 56
2014-05-07 20:30:00, 80
2014-05-07 20:45:00, 64
2014-05-07 21:00:00, 48
2014-05-07 21:15:00, 48
2014-05-07 21:30:00, 68
2014-05-07 21:45:00, 80
2014-05-07 22:00:00, 48
2014-05-07 22:15:00, 56
2014-05-07 22:30:00, 88
2014-05-07 22:45:00, 84
2014-05-07 23:00:00, 80
2014-05-07 23:15:00, 64
2014-05-07 23:30:00, 72
2014-05-07 23:45:00, 48
2014-05-08 00:00:00, 52
2014-05-08 00:15:00, 36
2014-05-08 00:30:00, 28
2014-05-08 00:45:00, 12
2014-05-08 01:00:00, 20
2014-05-08 01:15:00, 36
2014-05-08 01:30:00,  8
2014-05-08 01:45:00,  4
2014-05-08 02:00:00,  8
2014-05-08 02:15:00, 20
2014-05-08 02:30:00, 12
2014-05-08 02:45:00,  4
2014-05-08 03:00:00,  4
2014-05-08 03:15:00, 12
2014-05-08 03:30:00,  4
2014-05-08 03:45:00,  4
2014-05-08 04:00:00,  4
2014-05-08 04:15:00,  0
2014-05-08 04:30:00,  0
2014-05-08 04:45:00,  4
2014-05-08 05:00:00,  0
2014-05-08 05:15:00,  0
2014-05-08 05:30:00,  0
2014-05-08 05:45:00,  0
2014-05-08 06:00:00,  0
2014-05-08 06:15:00, 12
2014-05-08 06:30:00,  4
2014-05-08 06:45:00,  4
2014-05-08 07:00:00,  8
2014-05-08 07:15:00,  8
2014-05-08 07:30:00,  8
2014-05-08 07:45:00,  8
2014-05-08 08:00:00, 12
2014-05-08 08:15:00, 20
2014-05-08 08:30:00, 48
2014-05-08 08:45:00, 48
2014-05-08 09:00:00, 48
2014-05-08 09:15:00, 64
2014-05-08 09:30:00, 60
2014-05-08 09:45:00,112
2014-05-08 10:00:00, 96
2014-05-08 10:15:00, 76
2014-05-08 10:30:00, 68
2014-05-08 10:45:00,  0
2014-05-08 11:00:00,  8
2014-05-08 11:15:00, 80
2014-05-08 11:30:00, 84
2014-05-08 11:45:00, 72
2014-05-08 12:00:00, 52
2014-05-08 12:15:00, 48
2014-05-08 12:30:00, 60
2014-05-08 12:45:00, 84
2014-05-08 13:00:00,100
2014-05-08 13:15:00, 44
2014-05-08 13:30:00, 52
2014-05-08 13:45:00, 72
2014-05-08 14:00:00, 64
2014-05-08 14:15:00, 20
2014-05-08 14:30:00,  0
2014-05-08 14:45:00,  0
2014-05-08 15:00:00,  0
2014-05-08 15:15:00,  0
2014-05-08 15:30:00,  0
2014-05-08 15:45:00,  0
2014-05-08 16:00:00,  0
2014-05-08 16:15:00, 52
2014-05-08 16:30:00, 76
2014-05-08 16:45:00, 64
2014-05-08 17:00:00, 84
2014-05-08 17:15:00, 84
2014-05-08 17:30:00, 68
2014-05-08 17:45:00, 60
2014-05-08 18:00:00, 44
2014-05-08 18:15:00, 64
2014-05-08 18:30:00, 44
2014-05-08 18:45:00, 36
2014-05-08 19:00:00, 56
2014-05-08 19:15:00, 52
2014-05-08 19:30:00, 72
2014-05-08 19:45:00, 60
2014-05-08 20:00:00, 76
2014-05-08 20:15:00, 56
2014-05-08 20:30:00, 64
2014-05-08 20:45:00, 68
2014-05-08 21:00:00, 56
2014-05-08 21:15:00, 84
2014-05-08 21:30:00,112
2014-05-08 21:45:00,100
2014-05-08 22:00:00, 88
2014-05-08 22:15:00, 88
2014-05-08 22:30:00, 72
2014-05-08 22:45:00, 56
2014-05-08 23:00:00, 68
2014-05-08 23:15:00, 84
2014-05-08 23:30:00, 52
2014-05-08 23:45:00, 80
2014-05-09 00:00:00, 56
2014-05-09 00:15:00, 44
2014-05-09 00:30:00, 44
2014-05-09 00:45:00, 32
2014-05-09 01:00:00, 20
2014-05-09 01:15:00, 36
2014-05-09 01:30:00, 16
2014-05-09 01:45:00, 12
2014-05-09 02:00:00, 32
2014-05-09 02:15:00, 32
2014-05-09 02:30:00, 16
2014-05-09 02:45:00, 16
2014-05-09 03:00:00, 16
2014-05-09 03:15:00,  4
2014-05-09 03:30:00,  8
2014-05-09 03:45:00,  8
2014-05-09 04:00:00,  8
2014-05-09 04:15:00, 16
2014-05-09 04:30:00,  0
2014-05-09 04:45:00,  4
2014-05-09 05:00:00, 12
2014-05-09 05:15:00,  0
2014-05-09 05:30:00,  0
2014-05-09 05:45:00,  0
2014-05-09 06:00:00,  4
2014-05-09 06:15:00, 12
2014-05-09 06:30:00,  0
2014-05-09 06:45:00, 16
2014-05-09 07:00:00,  4
2014-05-09 07:15:00, 16
2014-05-09 07:30:00,  4
2014-05-09 07:45:00, 32
2014-05-09 08:00:00, 16
2014-05-09 08:15:00, 28
2014-05-09 08:30:00, 12
2014-05-09 08:45:00, 56
2014-05-09 09:00:00, 64
2014-05-09 09:15:00, 44
2014-05-09 09:30:00, 72
2014-05-09 09:45:00, 72
2014-05-09 10:00:00, 52
2014-05-09 10:15:00, 48
2014-05-09 10:30:00, 64
2014-05-09 10:45:00, 68
2014-05-09 11:00:00, 80
2014-05-09 11:15:00, 48
2014-05-09 11:30:00, 48
2014-05-09 11:45:00, 48
2014-05-09 12:00:00, 44
2014-05-09 12:15:00, 60
2014-05-09 12:30:00, 76
2014-05-09 12:45:00, 72
2014-05-09 13:00:00, 56
2014-05-09 13:15:00, 80
2014-05-09 13:30:00, 88
2014-05-09 13:45:00, 80
2014-05-09 14:00:00, 92
2014-05-09 14:15:00, 60
2014-05-09 14:30:00, 72
2014-05-09 14:45:00, 68
2014-05-09 15:00:00, 92
2014-05-09 15:15:00, 56
2014-05-09 15:30:00, 60
2014-05-09 15:45:00, 44
2014-05-09 16:00:00, 96
2014-05-09 16:15:00, 88
2014-05-09 16:30:00, 88
2014-05-09 16:45:00, 52
2014-05-09 17:00:00, 44
2014-05-09 17:15:00, 48
2014-05-09 17:30:00, 68
2014-05-09 17:45:00, 48
2014-05-09 18:00:00, 24
2014-05-09 18:15:00, 48
2014-05-09 18:30:00, 68
2014-05-09 18:45:00, 32
2014-05-09 19:00:00, 20
2014-05-09 19:15:00, 36
2014-05-09 19:30:00, 60
2014-05-09 19:45:00, 32
2014-05-09 20:00:00, 44
2014-05-09 20:15:00, 32
2014-05-09 20:30:00, 72
2014-05-09 20:45:00, 32
2014-05-09 21:00:00, 72
2014-05-09 21:15:00, 64
2014-05-09 21:30:00, 60
2014-05-09 21:45:00, 56
2014-05-09 22:00:00, 68
2014-05-09 22:15:00, 60
2014-05-09 22:30:00, 96
2014-05-09 22:45:00, 88
2014-05-09 23:00:00, 28
2014-05-09 23:15:00, 72
2014-05-09 23:30:00, 72
2014-05-09 23:45:00, 60
2014-05-10 00:00:00, 40
2014-05-10 00:15:00, 56
2014-05-10 00:30:00, 48
2014-05-10 00:45:00, 28
2014-05-10 01:00:00, 32
2014-05-10 01:15:00,  8
2014-05-10 01:30:00, 24
2014-05-10 01:45:00, 24
2014-05-10 02:00:00, 12
2014-05-10 02:15:00, 28
2014-05-10 02:30:00, 20
2014-05-10 02:45:00, 28
2014-05-10 03:00:00, 32
2014-05-10 03:15:00,  8
2014-05-10 03:30:00, 24
2014-05-10 03:45:00, 12
2014-05-10 04:00:00, 16
2014-05-10 04:15:00, 32
2014-05-10 04:30:00,  8
2014-05-10 04:45:00,  4
2014-05-10 05:00:00,  4
2014-05-10 05:15:00, 32
2014-05-10 05:30:00,  4
2014-05-10 05:45:00,  0
2014-05-10 06:00:00, 20
2014-05-10 06:15:00, 16
2014-05-10 06:30:00,  4
2014-05-10 06:45:00,  0
2014-05-10 07:00:00, 12
2014-05-10 07:15:00, 12
2014-05-10 07:30:00,  8
2014-05-10 07:45:00,  0
2014-05-10 08:00:00, 12
2014-05-10 08:15:00, 20
2014-05-10 08:30:00, 16
2014-05-10 08:45:00, 20
2014-05-10 09:00:00, 20
2014-05-10 09:15:00, 20
2014-05-10 09:30:00, 32
2014-05-10 09:45:00,  0
2014-05-10 10:00:00, 44
2014-05-10 10:15:00, 40
2014-05-10 10:30:00, 20
2014-05-10 10:45:00, 40
2014-05-10 11:00:00, 52
2014-05-10 11:15:00, 56
2014-05-10 11:30:00, 48
2014-05-10 11:45:00, 68
2014-05-10 12:00:00, 28
2014-05-10 12:15:00, 52
2014-05-10 12:30:00, 28
2014-05-10 12:45:00, 56
2014-05-10 13:00:00, 48
2014-05-10 13:15:00, 76
2014-05-10 13:30:00, 72
2014-05-10 13:45:00, 72
2014-05-10 14:00:00, 44
2014-05-10 14:15:00, 76
2014-05-10 14:30:00, 28
2014-05-10 14:45:00, 72
2014-05-10 15:00:00,120
2014-05-10 15:15:00, 36
2014-05-10 15:30:00, 56
2014-05-10 15:45:00, 60
2014-05-10 16:00:00,116
2014-05-10 16:15:00, 88
2014-05-10 16:30:00, 36
2014-05-10 16:45:00, 20
2014-05-10 17:00:00, 12
2014-05-10 17:15:00, 28
2014-05-10 17:30:00, 32
2014-05-10 17:45:00, 20
2014-05-10 18:00:00,  8
2014-05-10 18:15:00, 36
2014-05-10 18:30:00, 28
2014-05-10 18:45:00, 28
2014-05-10 19:00:00, 12
2014-05-10 19:15:00, 32
2014-05-10 19:30:00, 40
2014-05-10 19:45:00, 32
2014-05-10 20:00:00, 28
2014-05-10 20:15:00, 32
2014-05-10 20:30:00, 64
2014-05-10 20:45:00, 28
2014-05-10 21:00:00, 40
2014-05-10 21:15:00, 40
2014-05-10 21:30:00, 40
2014-05-10 21:45:00, 64
2014-05-10 22:00:00, 32
2014-05-10 22:15:00, 68
2014-05-10 22:30:00, 48
2014-05-10 22:45:00, 80
2014-05-10 23:00:00, 40
2014-05-10 23:15:00, 72
2014-05-10 23:30:00, 56
2014-05-10 23:45:00, 68
2014-05-11 00:00:00, 48
2014-05-11 00:15:00, 48
2014-05-11 00:30:00, 28
2014-05-11 00:45:00, 84
2014-05-11 01:00:00, 44
2014-05-11 01:15:00, 12
2014-05-11 01:30:00, 36
2014-05-11 01:45:00, 36
2014-05-11 02:00:00, 32
2014-05-11 02:15:00,  8
2014-05-11 02:30:00, 32
2014-05-11 02:45:00, 20
2014-05-11 03:00:00, 16
2014-05-11 03:15:00, 12
2014-05-11 03:30:00, 20
2014-05-11 03:45:00,  4
2014-05-11 04:00:00,  8
2014-05-11 04:15:00,  8
2014-05-11 04:30:00,  8
2014-05-11 04:45:00, 12
2014-05-11 05:00:00, 12
2014-05-11 05:15:00, 12
2014-05-11 05:30:00,  0
2014-05-11 05:45:00,  0
2014-05-11 06:00:00, 32
2014-05-11 06:15:00, 16
2014-05-11 06:30:00, 12
2014-05-11 06:45:00,  4
2014-05-11 07:00:00,  0
2014-05-11 07:15:00,  8
2014-05-11 07:30:00,  4
2014-05-11 07:45:00,  0
2014-05-11 08:00:00,  0
2014-05-11 08:15:00, 16
2014-05-11 08:30:00,  4
2014-05-11 08:45:00,  0
2014-05-11 09:00:00,  8
2014-05-11 09:15:00,  8
2014-05-11 09:30:00, 16
2014-05-11 09:45:00,  8
2014-05-11 10:00:00,  8
2014-05-11 10:15:00, 12
2014-05-11 10:30:00,  4
2014-05-11 10:45:00, 16
2014-05-11 11:00:00, 20
2014-05-11 11:15:00, 32
2014-05-11 11:30:00, 40
2014-05-11 11:45:00, 32
2014-05-11 12:00:00, 24
2014-05-11 12:15:00, 16
2014-05-11 12:30:00, 32
2014-05-11 12:45:00, 28
2014-05-11 13:00:00, 40
2014-05-11 13:15:00, 24
2014-05-11 13:30:00, 52
2014-05-11 13:45:00, 36
2014-05-11 14:00:00, 32
2014-05-11 14:15:00, 56
2014-05-11 14:30:00, 36
2014-05-11 14:45:00, 40
2014-05-11 15:00:00, 68
2014-05-11 15:15:00, 48
2014-05-11 15:30:00, 44
2014-05-11 15:45:00, 44
2014-05-11 16:00:00, 60
2014-05-11 16:15:00, 20
2014-05-11 16:30:00, 32
2014-05-11 16:45:00, 24
2014-05-11 17:00:00, 12
2014-05-11 17:15:00, 12
2014-05-11 17:30:00,  8
2014-05-11 17:45:00, 12
2014-05-11 18:00:00, 12
2014-05-11 18:15:00, 20
2014-05-11 18:30:00, 20
2014-05-11 18:45:00,  8
2014-05-11 19:00:00, 16
2014-05-11 19:15:00, 28
2014-05-11 19:30:00, 20
2014-05-11 19:45:00, 12
2014-05-11 20:00:00, 24
2014-05-11 20:15:00, 24
2014-05-11 20:30:00, 24
2014-05-11 20:45:00, 28
2014-05-11 21:00:00, 28
2014-05-11 21:15:00, 44
2014-05-11 21:30:00, 60
2014-05-11 21:45:00, 36
2014-05-11 22:00:00, 44
2014-05-11 22:15:00, 44
2014-05-11 22:30:00, 36
2014-05-11 22:45:00, 40
2014-05-11 23:00:00, 56
2014-05-11 23:15:00, 44
2014-05-11 23:30:00, 68
2014-05-11 23:45:00, 40
2014-05-12 00:00:00, 84
2014-05-12 00:15:00, 64
2014-05-12 00:30:00, 36
2014-05-12 00:45:00, 40
2014-05-12 01:00:00, 24
2014-05-12 01:15:00, 32
2014-05-12 01:30:00, 24
2014-05-12 01:45:00,  0
2014-05-12 02:00:00,  8
2014-05-12 02:15:00, 16
2014-05-12 02:30:00, 20
2014-05-12 02:45:00, 12
2014-05-12 03:00:00,  4
2014-05-12 03:15:00,  4
2014-05-12 03:30:00,  0
2014-05-12 03:45:00,  4
2014-05-12 04:00:00,  4
2014-05-12 04:15:00, 16
2014-05-12 04:30:00,  0
2014-05-12 04:45:00,  0
2014-05-12 05:00:00,  0
2014-05-12 05:15:00,  0
2014-05-12 05:30:00,  0
2014-05-12 05:45:00,  0
2014-05-12 06:00:00,  0
2014-05-12 06:15:00,  0
2014-05-12 06:30:00,  4
2014-05-12 06:45:00,  4
2014-05-12 07:00:00,  4
2014-05-12 07:15:00, 12
2014-05-12 07:30:00, 12
2014-05-12 07:45:00,  8
2014-05-12 08:00:00,  8
2014-05-12 08:15:00, 24
2014-05-12 08:30:00, 16
2014-05-12 08:45:00, 36
2014-05-12 09:00:00, 28
2014-05-12 09:15:00, 64
2014-05-12 09:30:00, 68
2014-05-12 09:45:00,152
2014-05-12 10:00:00, 56
2014-05-12 10:15:00, 44
2014-05-12 10:30:00,112
2014-05-12 10:45:00, 92
2014-05-12 11:00:00, 44
2014-05-12 11:15:00, 52
2014-05-12 11:30:00, 88
2014-05-12 11:45:00, 28
2014-05-12 12:00:00, 76
2014-05-12 12:15:00, 40
2014-05-12 12:30:00, 40
2014-05-12 12:45:00, 28
2014-05-12 13:00:00, 64
2014-05-12 13:15:00, 68
2014-05-12 13:30:00, 64
2014-05-12 13:45:00, 52
2014-05-12 14:00:00, 36
2014-05-12 14:15:00, 44
2014-05-12 14:30:00, 60
2014-05-12 14:45:00, 36
2014-05-12 15:00:00, 28
2014-05-12 15:15:00, 60
2014-05-12 15:30:00, 48
2014-05-12 15:45:00, 68
2014-05-12 16:00:00, 88
2014-05-12 16:15:00, 64
2014-05-12 16:30:00, 56
2014-05-12 16:45:00, 64
2014-05-12 17:00:00, 52
2014-05-12 17:15:00, 60
2014-05-12 17:30:00, 20
2014-05-12 17:45:00, 56
2014-05-12 18:00:00, 52
2014-05-12 18:15:00, 20
2014-05-12 18:30:00, 24
2014-05-12 18:45:00, 48
2014-05-12 19:00:00, 44
2014-05-12 19:15:00, 52
2014-05-12 19:30:00, 40
2014-05-12 19:45:00, 44
2014-05-12 20:00:00, 72
2014-05-12 20:15:00, 80
2014-05-12 20:30:00, 56
2014-05-12 20:45:00, 36
2014-05-12 21:00:00, 72
2014-05-12 21:15:00, 48
2014-05-12 21:30:00, 88
2014-05-12 21:45:00, 76
2014-05-12 22:00:00, 64
2014-05-12 22:15:00, 44
2014-05-12 22:30:00, 64
2014-05-12 22:45:00, 84
2014-05-12 23:00:00, 72
2014-05-12 23:15:00, 56
2014-05-12 23:30:00, 44
2014-05-12 23:45:00, 64
2014-05-13 00:00:00, 32
2014-05-13 00:15:00, 36
2014-05-13 00:30:00, 32
2014-05-13 00:45:00, 20
2014-05-13 01:00:00,  8
2014-05-13 01:15:00, 16
2014-05-13 01:30:00,  4
2014-05-13 01:45:00,  4
2014-05-13 02:00:00, 24
2014-05-13 02:15:00, 12
2014-05-13 02:30:00, 12
2014-05-13 02:45:00,  4
2014-05-13 03:00:00,  4
2014-05-13 03:15:00,  8
2014-05-13 03:30:00,  0
2014-05-13 03:45:00,  0
2014-05-13 04:00:00,  0
2014-05-13 04:15:00,  0
2014-05-13 04:30:00,  0
2014-05-13 04:45:00,  0
2014-05-13 05:00:00,  0
2014-05-13 05:15:00,  0
2014-05-13 05:30:00,  0
2014-05-13 05:45:00,  0
2014-05-13 06:00:00,  0
2014-05-13 06:15:00, 16
2014-05-13 06:30:00,  4
2014-05-13 06:45:00,  8
2014-05-13 07:00:00,  8
2014-05-13 07:15:00, 12
2014-05-13 07:30:00, 24
2014-05-13 07:45:00, 16
2014-05-13 08:00:00,  4
2014-05-13 08:15:00, 20
2014-05-13 08:30:00, 48
2014-05-13 08:45:00, 36
2014-05-13 09:00:00, 36
2014-05-13 09:15:00, 60
2014-05-13 09:30:00, 72
2014-05-13 09:45:00,148
2014-05-13 10:00:00, 80
2014-05-13 10:15:00, 96
2014-05-13 10:30:00, 80
2014-05-13 10:45:00,128
2014-05-13 11:00:00, 80
2014-05-13 11:15:00, 68
2014-05-13 11:30:00,116
2014-05-13 11:45:00, 76
2014-05-13 12:00:00, 72
2014-05-13 12:15:00, 52
2014-05-13 12:30:00, 80
2014-05-13 12:45:00, 40
2014-05-13 13:00:00, 28
2014-05-13 13:15:00, 60
2014-05-13 13:30:00, 80
2014-05-13 13:45:00, 52
2014-05-13 14:00:00, 76
2014-05-13 14:15:00, 16
2014-05-13 14:30:00, 52
2014-05-13 14:45:00, 28
2014-05-13 15:00:00, 36
2014-05-13 15:15:00, 56
2014-05-13 15:30:00, 60
2014-05-13 15:45:00, 56
2014-05-13 16:00:00, 68
2014-05-13 16:15:00, 76
2014-05-13 16:30:00,100
2014-05-13 16:45:00, 28
2014-05-13 17:00:00, 44
2014-05-13 17:15:00, 88
2014-05-13 17:30:00, 56
2014-05-13 17:45:00, 40
2014-05-13 18:00:00, 60
2014-05-13 18:15:00, 56
2014-05-13 18:30:00, 28
2014-05-13 18:45:00, 36
2014-05-13 19:00:00, 48
2014-05-13 19:15:00, 40
2014-05-13 19:30:00, 52
2014-05-13 19:45:00, 40
2014-05-13 20:00:00, 60
2014-05-13 20:15:00, 40
2014-05-13 20:30:00, 56
2014-05-13 20:45:00, 40
2014-05-13 21:00:00, 36
2014-05-13 21:15:00, 36
2014-05-13 21:30:00,  4
2014-05-13 21:45:00,  4
2014-05-13 22:00:00, 96
2014-05-13 22:15:00, 28
2014-05-13 22:30:00, 48
2014-05-13 22:45:00, 56
2014-05-13 23:00:00, 76
2014-05-13 23:15:00,100
2014-05-13 23:30:00, 76
2014-05-13 23:45:00, 44
2014-05-14 00:00:00, 72
2014-05-14 00:15:00, 52
2014-05-14 00:30:00, 32
2014-05-14 00:45:00, 28
2014-05-14 01:00:00, 20
2014-05-14 01:15:00, 20
2014-05-14 01:30:00,  4
2014-05-14 01:45:00, 12
2014-05-14 02:00:00, 20
2014-05-14 02:15:00,  4
2014-05-14 02:30:00,  4
2014-05-14 02:45:00, 12
2014-05-14 03:00:00,  8
2014-05-14 03:15:00,  8
2014-05-14 03:30:00,  0
2014-05-14 03:45:00,  4
2014-05-14 04:00:00,  8
