Fecha,idNodo,Total
1,2012-10-25,1353516696420,87
2,2012-11-08,1351591800440,10258
3,2012-11-08,1351672500995,4286
4,2012-11-08,1351671926347,17296
5,2012-11-08,1353516696419,1005
6,2012-11-08,1353516696420,6310
7,2012-11-15,1351672500995,3586
8,2012-11-15,1353516696419,21241
9,2012-11-15,1351671926347,105083
10,2012-11-15,1353516696420,7196
11,2012-11-15,1351591695721,4711
12,2012-11-15,1351591800440,10676
13,2012-11-22,1351591800440,7384
14,2012-11-22,1351671926347,105233
15,2012-11-22,1351591695721,11417
16,2012-11-22,1353516696419,91272
17,2012-11-22,1353516696420,8039
18,2012-11-29,1353516696419,132269
19,2012-11-29,1353516696420,7841
20,2012-11-29,1351591800440,13049
21,2012-11-29,1351591695721,12000
22,2012-11-29,1351671926347,112802
23,2012-12-06,1351591695721,8489
24,2012-12-06,1351591800440,10710
25,2012-12-06,1351671926347,54462
26,2012-12-06,1353516696420,7539
27,2012-12-06,1353516696419,109964
28,2012-12-13,1353516696420,7912
29,2012-12-13,1351671926347,98741
30,2012-12-13,1353516696419,125420
31,2012-12-13,1351591695721,15164
32,2012-12-13,1351591800440,13679
33,2012-12-20,1351591800440,10650
34,2012-12-20,1351671926347,46456
35,2012-12-20,1351591695721,8060
36,2012-12-20,1353516696420,6789
37,2012-12-20,1353516696419,105792
38,2012-12-27,1353516696420,6328
39,2012-12-27,1353516696419,94008
40,2012-12-27,1351591695721,6942
41,2012-12-27,1351591800440,7109
42,2012-12-27,1351671926347,41162
43,2013-01-03,1351591800440,8999
44,2013-01-03,1351591695721,9654
45,2013-01-03,1351671926347,43135
46,2013-01-03,1353516696420,7554
47,2013-01-03,1353516696419,111270
48,2013-01-10,1353516696420,8783
49,2013-01-10,1351671926347,32159
50,2013-01-10,1353516696419,118548
51,2013-01-10,1351591695721,9576
52,2013-01-10,1351591800440,13793
53,2013-01-17,1351591800440,10049
54,2013-01-17,1351671926347,93280
55,2013-01-17,1351591695721,11936
56,2013-01-17,1353516696420,7787
57,2013-01-17,1353516696419,112944
58,2013-01-24,1353516696419,114989
59,2013-01-24,1351591695721,12257
60,2013-01-24,1351671926347,101423
61,2013-01-31,1353516696419,123385
62,2013-01-31,1351591695721,10419
63,2013-01-31,1351671926347,103769
64,2013-02-07,1351591695721,9807
65,2013-02-07,1351671926347,80614
66,2013-02-07,1353516696419,119870
67,2013-02-14,1351591695721,9709
68,2013-02-14,1351671926347,59302
69,2013-02-14,1353516696419,118631
70,2013-02-21,1353516696419,116566
71,2013-02-21,1351591695721,9792
72,2013-02-21,1351671926347,37418
73,2013-02-28,1353516696419,97365
74,2013-02-28,1351591695721,1819
75,2013-03-07,1353516696419,111305
76,2013-03-14,1353516696419,120367
77,2013-03-21,1353516696419,117293
78,2013-03-28,1353516696419,89986
79,2013-04-04,1353516696419,116792
80,2013-04-11,1351591868114,77728
81,2013-04-11,1351591695721,6292
82,2013-04-11,1351672370785,21521
83,2013-04-11,1351671926347,43434
84,2013-04-11,1353516696419,111653
85,2013-04-18,1351591695721,8674
86,2013-04-18,1351671926347,51381
87,2013-04-18,1353516696419,110798
88,2013-04-18,1351591868114,116064
89,2013-04-18,1351672370785,12932
90,2013-04-25,1353516696419,103457
91,2013-04-25,1351671926347,46999
92,2013-04-25,1351591868114,104738
93,2013-04-25,1351672370785,12636
94,2013-04-25,1351591695721,7108
95,2013-05-02,1351672370785,13331
96,2013-05-02,1351591868114,111785
97,2013-05-02,1351591695721,7700
98,2013-05-02,1351671926347,48474
99,2013-05-02,1353516696419,113893
100,2013-05-09,1351591868114,34225
101,2013-05-09,1351591695721,5909
102,2013-05-09,1351671926347,45636
103,2013-05-09,1351672370785,13071
104,2013-05-09,1353516696419,109189
105,2013-05-16,1351591695721,7633
106,2013-05-16,1351672370785,13095
107,2013-05-16,1353516696419,114129
108,2013-05-16,1351591868114,21195
109,2013-05-16,1351671926347,46652
110,2013-05-23,1353516696419,116929
111,2013-05-23,1351672370785,13246
112,2013-05-23,1351591868114,107117
113,2013-05-23,1351671926347,46790
114,2013-05-23,1351591695721,7657
115,2013-05-30,1351672370785,10067
116,2013-05-30,1351591868114,88369
117,2013-05-30,1351591800440,12
118,2013-05-30,1351591695721,6664
119,2013-05-30,1351671926347,40090
120,2013-05-30,1353516696419,97302
121,2013-06-06,1351591868114,103922
122,2013-06-06,1351591695721,6222
123,2013-06-06,1351671926347,45548
124,2013-06-06,1353516696419,110389
125,2013-06-06,1351591800440,5
126,2013-06-13,1353516696419,108168
127,2013-06-13,1351591695721,5219
128,2013-06-13,1351591868114,97087
129,2013-06-20,1353516696419,107051
130,2013-06-20,1351591695721,5115
131,2013-06-20,1351671926347,2824
132,2013-06-20,1351591868114,99536
133,2013-06-27,1351591695721,4352
134,2013-06-27,1351671926347,37864
135,2013-06-27,1351591868114,96730
136,2013-06-27,1351591800440,237
137,2013-06-27,1351672370785,11132
138,2013-06-27,1353516696419,106231
139,2013-07-04,1351591868114,87363
140,2013-07-04,1351672370785,12768
141,2013-07-04,1351591695721,3280
142,2013-07-04,1351671926347,36195
143,2013-07-04,1353516696419,94501
144,2013-07-11,1351671926347,35055
145,2013-07-11,1351591695721,2307
146,2013-07-11,1353516696419,96966
147,2013-07-11,1351591868114,89753
148,2013-07-11,1351672370785,12074
149,2013-07-11,1351672500995,23641
150,2013-07-18,1351591695721,2608
151,2013-07-18,1353516696419,65210
152,2013-07-18,1351672370785,9796
153,2013-07-18,1351591868114,82731
154,2013-07-18,1351671926347,27971
155,2013-07-18,1351672500995,40877
156,2013-07-25,1351671926347,16281
157,2013-07-25,1351591868114,46164
158,2013-07-25,1351672500995,25500
159,2013-07-25,1351591695721,2251
160,2013-07-25,1351672370785,6017
161,2013-08-01,1351591868114,84016
162,2013-08-01,1351672500995,18424
163,2013-08-01,1351671926347,15002
164,2013-08-01,1351591695721,3341
165,2013-08-01,1351672370785,6293
166,2013-08-01,1353516696419,56942
167,2013-08-08,1351672370785,10080
168,2013-08-08,1351591695721,2846
169,2013-08-08,1353516696419,78208
170,2013-08-08,1351591868114,69388
171,2013-08-08,1351671926347,16030
172,2013-08-08,1351672500995,25871
173,2013-08-15,1351591695721,2624
174,2013-08-15,1351671926347,1372
175,2013-08-15,1353516696419,62266
176,2013-08-15,1351591868114,53433
177,2013-08-15,1351672500995,41754
178,2013-08-15,1351672370785,11677
179,2013-08-22,1351672370785,3913
180,2013-08-22,1353516696419,18804
181,2013-08-22,1351591868114,20727
182,2013-08-22,1351672500995,13584
183,2013-08-22,1351591695721,738
184,2013-08-29,1351591868114,11683
185,2013-08-29,1351672500995,8250
186,2013-08-29,1351672370785,2388
187,2013-08-29,1353516696419,14082
188,2013-09-05,1351671926347,93
189,2013-09-05,1351591695721,5617
190,2013-09-05,1351672370785,15481
191,2013-09-05,1351591868114,66533
192,2013-09-05,1353516696419,96615
193,2013-09-05,1351672500995,49363
194,2013-09-12,1351672370785,15011
195,2013-09-12,1351591695721,6237
196,2013-09-12,1351591868114,83341
197,2013-09-12,1353516696419,96032
198,2013-09-12,1351672500995,47084
199,2013-09-19,1351591695721,5118
200,2013-09-19,1353516696419,79465
201,2013-09-19,1351591868114,71698
202,2013-09-19,1351672500995,37758
203,2013-09-19,1351672370785,12147
204,2013-09-26,1353516696419,96336
205,2013-09-26,1351591868114,77880
206,2013-09-26,1351672500995,41644
207,2013-09-26,1351672370785,14989
208,2013-09-26,1351591695721,6705
209,2013-10-03,1351672370785,14715
210,2013-10-03,1351591695721,9282
211,2013-10-03,1353516696419,93806
212,2013-10-03,1351591868114,72520
213,2013-10-03,1351672500995,28093
214,2013-10-10,1351591800440,8000
215,2013-10-10,1351672370785,14674
216,2013-10-10,1351591695721,9994
217,2013-10-10,1353516696419,87540
218,2013-10-10,1351591868114,82562
219,2013-10-10,1351672500995,7918
220,2013-10-17,1351591868114,18890
221,2013-10-17,1351672500995,4146
222,2013-10-17,1381128343770,978
223,2013-10-17,1351591695721,1868
224,2013-10-17,1351672370785,3251
225,2013-10-24,1351591695721,28144
226,2013-10-31,1351591695721,36192
227,2013-11-07,1351591695721,34616
228,2013-11-14,1351591695721,38936
229,2013-11-21,1351591695721,29776
230,2013-11-28,1351591695721,27392
231,2013-12-26,1351672370785,62664
232,2014-01-02,1351591800440,8000
233,2014-01-02,1388398007205,45
234,2014-01-02,1351672370785,14936
235,2014-01-09,1351672370785,51592
236,2014-01-16,1351672370785,65232
237,2014-01-23,1388396290670,1755
238,2014-01-23,1388397787434,9
239,2014-01-23,1388397600522,11934
240,2014-01-23,1351591868114,63
241,2014-01-23,1351672500995,90925
242,2014-01-23,1388396397305,414
243,2014-01-23,1388396029879,47322
244,2014-01-23,1388395655467,3483
245,2014-01-23,1388396196672,4500
246,2014-01-23,1351671926347,25390
247,2014-01-23,1388397694740,57366
248,2014-01-23,1388397963712,18576
249,2014-01-23,1351672370785,51293
250,2014-01-23,1351591800440,9
251,2014-01-23,1388398007205,1395
252,2014-01-23,1388397916219,5715
253,2014-01-23,1388396634884,315
254,2014-01-23,1351591695721,54
255,2014-01-30,1388398456156,36
256,2014-01-30,1388397221712,54
257,2014-01-30,1388398421885,504
258,2014-01-30,1351671926347,41096
259,2014-01-30,1388397963712,11043
260,2014-01-30,1388397145518,369
261,2014-01-30,1388397916219,72
262,2014-01-30,1388396290670,936
263,2014-01-30,1388397600522,80451
264,2014-01-30,1388396634884,1143
265,2014-01-30,1388396029879,9
266,2014-01-30,1388395655467,22437
267,2014-01-30,1388396196672,180
268,2014-01-30,1351672370785,30976
269,2014-02-06,1388397600522,162
270,2014-02-06,1388397916219,9126
271,2014-02-06,1388396134379,36
272,2014-02-06,1388398156925,5616
273,2014-02-06,1351591800440,459112
274,2014-02-06,1388396029879,14184
275,2014-02-06,1388397694740,7677
276,2014-02-06,1388396397305,27
277,2014-02-06,1388396456974,18
278,2014-02-06,1351591695721,63
279,2014-02-06,1351672370785,9524
280,2014-02-06,1388398456156,4419
281,2014-02-06,1388397221712,324
282,2014-02-06,1388397145518,171
283,2014-02-06,1351671926347,43405
284,2014-02-06,1388397787434,9
285,2014-02-06,1351591868114,36
286,2014-02-06,1351672500995,9676
287,2014-02-06,1388396568021,9
288,2014-02-06,1388396196672,837
289,2014-02-06,1388398421885,1656
290,2014-02-13,1388397600522,954
291,2014-02-13,1388398007205,1566
292,2014-02-13,1388396634884,279
293,2014-02-13,1351672370785,115640
294,2014-02-13,1388396029879,25533
295,2014-02-13,1388396290670,261
296,2014-02-13,1388396397305,1089
297,2014-02-13,1388397916219,26919
298,2014-02-13,1388397963712,54
299,2014-02-13,1351591868114,3195
300,2014-02-13,1388396196672,2241
301,2014-02-13,1388396134379,252
302,2014-02-13,1351672500995,120491
303,2014-02-13,1388397694740,23742
304,2014-02-13,1388395655467,288
305,2014-02-13,1351591800440,728824
306,2014-02-13,1388398219644,126
307,2014-02-13,1351671926347,44446
308,2014-02-20,1388395655467,171
309,2014-02-20,1388396196672,45
310,2014-02-20,1388397787434,3330
311,2014-02-20,1388397694740,36
312,2014-02-20,1351591868114,774
313,2014-02-20,1388396134379,1260
314,2014-02-20,1351672500995,83953
315,2014-02-20,1351671926347,46312
316,2014-02-20,1388396029879,27
317,2014-02-20,1351591800440,737424
318,2014-02-20,1351672370785,118168
319,2014-02-20,1388397600522,2430
320,2014-02-27,1388397787434,5487
321,2014-02-27,1388396029879,3823
322,2014-02-27,1388398091067,8624
323,2014-02-27,1388396568021,272
324,2014-02-27,1388398219644,6780
325,2014-02-27,1388398421885,2205
326,2014-02-27,1351672500995,217584
327,2014-02-27,1351672370785,189555
328,2014-02-27,1388397694740,17469
329,2014-02-27,1388398156925,10485
330,2014-02-27,1388397145518,160
331,2014-02-27,1351591800440,1087521
332,2014-02-27,1388396397305,4076
333,2014-02-27,1388398577264,17880
334,2014-02-27,1388395655467,3489
335,2014-02-27,1388397916219,9592
336,2014-02-27,1388396290670,1040
337,2014-02-27,1388397331212,3567
338,2014-02-27,1388397445798,2031
339,2014-02-27,1388396196672,6619
340,2014-02-27,1388398517822,12930
341,2014-02-27,1388397600522,130948
342,2014-02-27,1388397963712,13802
343,2014-02-27,1388398007205,66940
344,2014-02-27,1388396456974,400
345,2014-02-27,1388396134379,947
346,2014-02-27,1388396634884,672
347,2014-02-27,1351671926347,79885
348,2014-03-06,1388397963712,114786
349,2014-03-06,1388395655467,25401
350,2014-03-06,1388396290670,4881
351,2014-03-06,1388397331212,29456
352,2014-03-06,1388396634884,6672
353,2014-03-06,1351591800440,1123582
354,2014-03-06,1388397916219,59669
355,2014-03-06,1388396029879,28454
356,2014-03-06,1388398007205,98284
357,2014-03-06,1388397445798,19766
358,2014-03-06,1388396196672,14937
359,2014-03-06,1388398421885,29792
360,2014-03-06,1388398091067,7800
361,2014-03-06,1388397600522,177309
362,2014-03-06,1388398156925,95279
363,2014-03-06,1388397145518,2019
364,2014-03-06,1388396456974,585
365,2014-03-06,1388398517822,93221
366,2014-03-06,1351671926347,79643
367,2014-03-06,1388397694740,123999
368,2014-03-06,1388398456156,390
369,2014-03-06,1388396397305,10226
370,2014-03-06,1388398219644,61815
371,2014-03-06,1388396568021,2667
372,2014-03-06,1351591695721,18639
373,2014-03-06,1388398577264,202963
374,2014-03-06,1351672500995,249446
375,2014-03-13,1388398456156,2514
376,2014-03-13,1388395655467,19501
377,2014-03-13,1351591868114,534698
378,2014-03-13,1388398421885,20923
379,2014-03-13,1388398219644,44572
380,2014-03-13,1388397331212,22737
381,2014-03-13,1388396568021,2258
382,2014-03-13,1351672370785,22419
383,2014-03-13,1388396029879,15631
384,2014-03-13,1388397694740,67773
385,2014-03-13,1351591695721,76208
386,2014-03-13,1388396397305,6234
387,2014-03-13,1388397145518,1974
388,2014-03-13,1388396134379,1482
389,2014-03-13,1351671926347,333777
390,2014-03-13,1388396290670,2971
391,2014-03-13,1388397963712,87478
392,2014-03-13,1388397916219,45113
393,2014-03-13,1351591800440,178650
394,2014-03-13,1388398517822,69079
395,2014-03-13,1351672500995,31251
396,2014-03-13,1388398156925,73801
397,2014-03-13,1388396196672,10034
398,2014-03-13,1388398091067,440
399,2014-03-13,1388397600522,114700
400,2014-03-13,1388398007205,65048
401,2014-03-13,1388398577264,163989
402,2014-03-13,1388397445798,9882
403,2014-03-13,1388396634884,6156
404,2014-03-13,1388396456974,3853
405,2014-03-20,1388397694740,60770
406,2014-03-20,1351591695721,47471
407,2014-03-20,1388398577264,170545
408,2014-03-20,1388397331212,18538
409,2014-03-20,1388396134379,20875
410,2014-03-20,1388396290670,1330
411,2014-03-20,1388397916219,32332
412,2014-03-20,1388396029879,13575
413,2014-03-20,1388398421885,17988
414,2014-03-20,1351672500995,34493
415,2014-03-20,1388396196672,5120
416,2014-03-20,1388398219644,24784
417,2014-03-20,1388397600522,123683
418,2014-03-20,1388398456156,8374
419,2014-03-20,1388396634884,4293
420,2014-03-20,1351672370785,44050
421,2014-03-20,1388396568021,1250
422,2014-03-20,1388395655467,5439
423,2014-03-20,1388397963712,56983
424,2014-03-20,1351591868114,438500
425,2014-03-20,1351591800440,127744
426,2014-03-20,1388398517822,53187
427,2014-03-20,1388398156925,57360
428,2014-03-20,1351671926347,631163
429,2014-03-20,1388397145518,1530
430,2014-03-27,1388396290670,144
431,2014-03-27,1388397600522,98628
432,2014-03-27,1388398456156,3787
433,2014-03-27,1388398219644,9926
434,2014-03-27,1388396568021,969
435,2014-03-27,1388398421885,11958
436,2014-03-27,1351672500995,213664
437,2014-03-27,1388396029879,8539
438,2014-03-27,1351591695721,56598
439,2014-03-27,1388397331212,12416
440,2014-03-27,1388396634884,286
441,2014-03-27,1388398517822,40792
442,2014-03-27,1351671926347,97199
443,2014-03-27,1388397916219,27700
444,2014-03-27,1351591868114,340555
445,2014-03-27,1351591800440,475595
446,2014-03-27,1388396134379,6356
447,2014-03-27,1388397145518,1372
448,2014-03-27,1388398577264,132222
449,2014-03-27,1388397694740,52869
450,2014-03-27,1388398156925,40616
451,2014-03-27,1388396196672,3243
452,2014-04-03,1388396029879,6084
453,2014-04-03,1351591695721,36059
454,2014-04-03,1351671926347,255425
455,2014-04-03,1388396196672,4484
456,2014-04-03,1388396134379,9170
457,2014-04-03,1388397221712,4
458,2014-04-03,1388397694740,40365
459,2014-04-03,1388397787434,38414
460,2014-04-03,1351591868114,179400
461,2014-04-03,1388397331212,11465
462,2014-04-03,1388396568021,371
463,2014-04-03,1388398091067,4644
464,2014-04-03,1388398421885,9060
465,2014-04-03,1388398007205,28476
466,2014-04-03,1388397600522,45325
467,2014-04-03,1388397963712,24627
468,2014-04-03,1388398219644,31041
469,2014-04-03,1388397145518,762
470,2014-04-03,1388396397305,6344
471,2014-04-03,1388398517822,29814
472,2014-04-03,1388396290670,816
473,2014-04-03,1388397916219,24709
474,2014-04-03,1388395655467,5328
475,2014-04-03,1351591800440,339035
476,2014-04-03,1388398156925,39618
477,2014-04-03,1388396634884,1156
478,2014-04-03,1388396456974,390
479,2014-04-03,1388398577264,107271
480,2014-04-03,1351672500995,162811
481,2014-04-10,1388396290670,1015
482,2014-04-10,1388397694740,38972
483,2014-04-10,1388397600522,45635
484,2014-04-10,1388398156925,33276
485,2014-04-10,1388398577264,67765
486,2014-04-10,1388397145518,729
487,2014-04-10,1388396456974,1526
488,2014-04-10,1388398007205,39787
489,2014-04-10,1388397963712,28854
490,2014-04-10,1351591695721,15549
491,2014-04-10,1388398219644,31186
492,2014-04-10,1388396196672,3410
493,2014-04-10,1388397916219,17621
494,2014-04-10,1388396029879,6133
495,2014-04-10,1351591800440,371294
496,2014-04-10,1351672500995,121064
497,2014-04-10,1388396134379,10631
498,2014-04-10,1388398421885,6190
499,2014-04-10,1388398091067,26109
500,2014-04-10,1388396568021,214
501,2014-04-10,1388397787434,71681
502,2014-04-10,1388395655467,5790
503,2014-04-10,1351671926347,4470
504,2014-04-10,1388396397305,8571
505,2014-04-10,1388398517822,19470
506,2014-04-10,1388397331212,9267
507,2014-04-10,1388396634884,1326
508,2014-04-17,1388397963712,24802
509,2014-04-17,1388395655467,4469
510,2014-04-17,1351591800440,163720
511,2014-04-17,1388397145518,451
512,2014-04-17,1388398577264,77571
513,2014-04-17,1388398156925,21924
514,2014-04-17,1388396397305,1471
515,2014-04-17,1388397694740,31220
516,2014-04-17,1388397916219,16270
517,2014-04-17,1388396196672,3088
518,2014-04-17,1388398517822,15498
519,2014-04-17,1388398091067,24469
520,2014-04-17,1388396134379,8035
521,2014-04-17,1388396290670,717
522,2014-04-17,1388397600522,35514
523,2014-04-17,1388396456974,1437
524,2014-04-17,1388398219644,25740
525,2014-04-17,1388398007205,11096
526,2014-04-17,1388397787434,50628
527,2014-04-17,1388396029879,4049
528,2014-04-17,1388396568021,173
529,2014-04-17,1388398421885,5098
530,2014-04-17,1388397331212,6452
531,2014-04-17,1388396634884,1411
532,2014-04-24,1388397600522,47258
533,2014-04-24,1388398091067,30205
534,2014-04-24,1388396196672,3256
535,2014-04-24,1388398421885,6959
536,2014-04-24,1388396290670,1148
537,2014-04-24,1388395655467,5730
538,2014-04-24,1388397963712,34609
539,2014-04-24,1388397331212,7728
540,2014-04-24,1388396134379,8489
541,2014-04-24,1388396568021,322
542,2014-04-24,1388398517822,23172
543,2014-04-24,1388397694740,40888
544,2014-04-24,1388397787434,58186
545,2014-04-24,1388398156925,34215
546,2014-04-24,1388398219644,33261
547,2014-04-24,1388396634884,1997
548,2014-04-24,1388398577264,97429
549,2014-04-24,1388397916219,19062
550,2014-04-24,1388396456974,2226
551,2014-04-24,1388397145518,571
552,2014-05-01,1388396290670,1236
553,2014-05-01,1388398219644,30652
554,2014-05-01,1388396456974,2317
555,2014-05-01,1388395655467,4732
556,2014-05-01,1388397694740,38072
557,2014-05-01,1388398091067,27662
558,2014-05-01,1388396196672,3604
559,2014-05-01,1388396568021,464
560,2014-05-01,1388397963712,32473
561,2014-05-01,1388398421885,6992
562,2014-05-01,1388397331212,3640
563,2014-05-01,1388396634884,2176
564,2014-05-01,1388397600522,40924
565,2014-05-01,1388396029879,3820
566,2014-05-01,1388398517822,32811
567,2014-05-01,1388398156925,28284
568,2014-05-01,1388397145518,512
569,2014-05-01,1388397787434,65643
570,2014-05-01,1388397916219,16643
571,2014-05-01,1388398577264,90005
572,2014-05-08,1388398219644,32007
573,2014-05-08,1388398156925,34117
574,2014-05-08,1388397963712,35246
575,2014-05-08,1388396029879,5417
576,2014-05-08,1388398577264,40592
577,2014-05-08,1388396456974,2295
578,2014-05-08,1388397145518,587
579,2014-05-08,1388397787434,67248
580,2014-05-08,1388397600522,40711
581,2014-05-08,1388396634884,2553
582,2014-05-08,1388396568021,579
583,2014-05-08,1388397694740,38012
584,2014-05-08,1388398421885,7986
585,2014-05-08,1388396290670,1214
586,2014-05-08,1388398091067,21980
587,2014-05-08,1388396196672,2440
588,2014-05-08,1388397916219,15765
589,2014-05-08,1388395655467,4678
590,2014-05-08,1388398517822,52925
591,2014-05-15,1388398091067,11322
592,2014-05-15,1388398156925,20493
593,2014-05-15,1388396634884,1455
594,2014-05-15,1388397963712,16941
595,2014-05-15,1388395655467,2180
596,2014-05-15,1388398421885,5867
597,2014-05-15,1388396134379,2954
598,2014-05-15,1388398007205,14277
599,2014-05-15,1388396196672,1445
600,2014-05-15,1388397787434,16330
601,2014-05-15,1388396029879,2406
602,2014-05-15,1388398517822,31424
603,2014-05-15,1388396568021,158
604,2014-05-15,1388396290670,368
605,2014-05-15,1388398219644,19526
606,2014-05-15,1388397600522,21149
607,2014-05-15,1388397916219,9439
608,2014-05-15,1388396397305,3172
609,2014-05-15,1388397145518,536
610,2014-05-15,1388396456974,1217
611,2014-05-15,1388397694740,20727
612,2014-05-15,1351591800440,70114
613,2014-05-22,1388398091067,200538
614,2014-05-22,1388396456974,14679
615,2014-05-22,1388398007205,166114
616,2014-05-22,1388395655467,23795
617,2014-05-22,1388398219644,173255
618,2014-05-22,1388397145518,8674
619,2014-05-22,1388397916219,104992
620,2014-05-22,1351672500995,691818
621,2014-05-22,1388398156925,327897
622,2014-05-22,1388396634884,15132
623,2014-05-22,1388396196672,22388
624,2014-05-22,1388397600522,293218
625,2014-05-22,1351591800440,1829603
626,2014-05-22,1388398421885,72123
627,2014-05-22,1351672370785,120721
628,2014-05-22,1388396397305,56733
629,2014-05-22,1388396568021,3011
630,2014-05-22,1388397694740,266058
631,2014-05-22,1388396029879,21831
632,2014-05-22,1388398517822,371184
633,2014-05-29,1388398091067,530708
634,2014-05-29,1388396196672,69833
635,2014-05-29,1388397331212,52549
636,2014-05-29,1388397694740,493286
637,2014-05-29,1388398421885,173694
638,2014-05-29,1351672500995,1583495
639,2014-05-29,1388398156925,829663
640,2014-05-29,1388396634884,36740
641,2014-05-29,1388396456974,38963
642,2014-05-29,1388397916219,326243
643,2014-05-29,1388398517822,631199
644,2014-05-29,1351672370785,499300
645,2014-05-29,1388396397305,127711
646,2014-05-29,1388396568021,5425
647,2014-05-29,1388397600522,226837
648,2014-05-29,1388396029879,35837
649,2014-05-29,1388398007205,424189
650,2014-05-29,1388398219644,539978
651,2014-05-29,1388397145518,18347
652,2014-05-29,1388395655467,16469
653,2014-06-05,1388398219644,324819
654,2014-06-05,1388396634884,26452
655,2014-06-05,1388396196672,66984
656,2014-06-05,1388397145518,21378
657,2014-06-05,1388397916219,336288
658,2014-06-05,1351591800440,3565379
659,2014-06-05,1388398007205,459820
660,2014-06-05,1388398156925,899727
661,2014-06-05,1388397331212,104829
662,2014-06-05,1388396568021,7799
663,2014-06-05,1388398421885,173470
664,2014-06-05,1388398091067,534308
665,2014-06-05,1388396397305,144494
666,2014-06-05,1388396456974,41901
667,2014-06-05,1388398517822,391254
668,2014-06-05,1351672500995,2509066
669,2014-06-12,1388396456974,17182
670,2014-06-12,1388398219644,2050
671,2014-06-12,1388397331212,33748
672,2014-06-12,1388397916219,103259
673,2014-06-12,1388398421885,62322
674,2014-06-12,1388396134379,38132
675,2014-06-12,1388398007205,78051
676,2014-06-12,1388398156925,296043
677,2014-06-12,1388396196672,14680
678,2014-06-12,1388397694740,10662
679,2014-06-12,1388398517822,122949
680,2014-06-12,1388396634884,4356
681,2014-06-12,1388397145518,6404
682,2014-06-12,1388397787434,11404
683,2014-06-12,1351672500995,807511
684,2014-06-12,1388396568021,4760
685,2014-06-12,1388398091067,12272
686,2014-06-12,1388396397305,52057
687,2014-06-12,1388396029879,15291
688,2014-06-19,1388396397305,3190
689,2014-06-19,1388396456974,1008
690,2014-06-19,1388398007205,11388
691,2014-06-19,1388397787434,19380
692,2014-06-19,1388396634884,208
693,2014-06-19,1388398091067,15350
694,2014-06-19,1388396196672,1550
695,2014-06-19,1388396029879,3198
696,2014-06-19,1388398219644,2014
697,2014-06-19,1351672500995,67034
698,2014-06-19,1388398156925,23488
699,2014-06-19,1388397331212,3102
700,2014-06-19,1388397916219,9420
701,2014-06-19,1388396568021,366
702,2014-06-19,1388398517822,10826
703,2014-06-19,1388396134379,9510
704,2014-06-19,1388397145518,564
705,2014-06-19,1388397694740,18674
706,2014-06-19,1388398421885,4592
707,2014-06-26,1388397694740,158430
708,2014-06-26,1388398219644,158114
709,2014-06-26,1388396456974,15496
710,2014-06-26,1351591800440,2161873
711,2014-06-26,1351672500995,1016594
712,2014-06-26,1388398421885,75135
713,2014-06-26,1388396029879,27410
714,2014-06-26,1388396134379,133269
715,2014-06-26,1388396568021,14490
716,2014-06-26,1388396634884,15733
717,2014-06-26,1388398517822,166164
718,2014-06-26,1388397787434,294553
719,2014-06-26,1388396397305,55033
720,2014-06-26,1388397331212,65156
721,2014-06-26,1388396196672,27497
722,2014-06-26,1388398007205,168619
723,2014-06-26,1388397916219,128622
724,2014-06-26,1388398091067,231555
725,2014-06-26,1388398156925,371756
726,2014-06-26,1388397145518,7653
727,2014-07-03,1388398517822,421816
728,2014-07-03,1388397787434,701644
729,2014-07-03,1388398219644,451117
730,2014-07-03,1388396134379,322419
731,2014-07-03,1388396634884,40327
732,2014-07-03,1388396456974,38625
733,2014-07-03,1388397145518,18013
734,2014-07-03,1388398007205,226038
735,2014-07-03,1388396397305,67179
736,2014-07-03,1388398091067,560852
737,2014-07-03,1388396568021,35842
738,2014-07-03,1388398421885,174074
739,2014-07-03,1388396196672,65273
740,2014-07-03,1388397916219,341572
741,2014-07-03,1388398156925,882181
742,2014-07-03,1388397331212,137870
743,2014-07-03,1351591800440,4147304
744,2014-07-03,1351672500995,119475
745,2014-07-10,1388398219644,433177
746,2014-07-10,1388396634884,34151
747,2014-07-10,1388396456974,36108
748,2014-07-10,1388398517822,457240
749,2014-07-10,1388398007205,273969
750,2014-07-10,1388396134379,245882
751,2014-07-10,1388396568021,58176
752,2014-07-10,1388397145518,18282
753,2014-07-10,1388397916219,316648
754,2014-07-10,1388398421885,179538
755,2014-07-10,1388398156925,752429
756,2014-07-10,1388397331212,97723
757,2014-07-10,1388397787434,689652
758,2014-07-10,1388398091067,528917
759,2014-07-10,1388396397305,84356
760,2014-07-10,1388396196672,52853
761,2014-07-17,1405588888411,101943
762,2014-07-17,1388398517822,623718
763,2014-07-17,1388398007205,152188
764,2014-07-17,1388397787434,155873
765,2014-07-17,1388398219644,406708
766,2014-07-17,1388396456974,6097
767,2014-07-17,1405595238116,430
768,2014-07-17,1388396134379,277491
769,2014-07-17,1388396634884,39024
770,2014-07-17,1388397145518,18476
771,2014-07-17,1388398091067,81280
772,2014-07-17,1388398156925,684249
773,2014-07-17,1388396568021,44229
774,2014-07-17,1351672500995,1575796
775,2014-07-17,1405588951641,9012
776,2014-07-17,1388398421885,184140
777,2014-07-17,1388397916219,311575
778,2014-07-17,1388397331212,98592
779,2014-07-17,1388396196672,61241
780,2014-07-17,1388396397305,54076
781,2014-07-24,1388396397305,26173
782,2014-07-24,1388396568021,9985
783,2014-07-24,1388396456974,3425
784,2014-07-24,1405588951641,2499
785,2014-07-24,1388398421885,36715
786,2014-07-24,1388397787434,8886
787,2014-07-24,1388398219644,61083
788,2014-07-24,1388396134379,40397
789,2014-07-24,1388398091067,72515
790,2014-07-24,1351672500995,499188
791,2014-07-24,1405588888411,21698
792,2014-07-24,1388398517822,125515
793,2014-07-24,1388398007205,2530
794,2014-07-24,1388397916219,58692
795,2014-07-24,1388398156925,139042
796,2014-07-24,1388397331212,19031
797,2014-07-24,1388396196672,17174
798,2014-07-24,1388396290670,292
799,2014-07-24,1388397145518,5202
800,2014-07-24,1388396634884,4688
801,2014-07-31,1405588888411,3054
802,2014-07-31,1388398421885,4958
803,2014-07-31,1388397145518,500
804,2014-07-31,1388396456974,640
805,2014-07-31,1388397787434,23784
806,2014-07-31,1351672500995,74758
807,2014-07-31,1388398007205,11166
808,2014-07-31,1388397331212,2786
809,2014-07-31,1388396196672,1910
810,2014-07-31,1388396134379,3722
811,2014-07-31,1388398156925,22130
812,2014-07-31,1405588951641,334
813,2014-07-31,1388398517822,17052
814,2014-07-31,1388396397305,2940
815,2014-07-31,1388397916219,9378
816,2014-07-31,1388398091067,15662
817,2014-08-07,1388398007205,6522
818,2014-08-07,1388397331212,2458
819,2014-08-07,1388398219644,10892
820,2014-08-07,1405588951641,222
821,2014-08-07,1388398421885,6726
822,2014-08-07,1388398156925,17436
823,2014-08-07,1388396634884,976
824,2014-08-07,1388397916219,8544
825,2014-08-07,1405588888411,2918
826,2014-08-07,1388398517822,15480
827,2014-08-07,1388398091067,6348
828,2014-08-07,1388397145518,212
829,2014-08-07,1388397787434,5528
830,2014-08-07,1388396134379,604
831,2014-08-07,1388396456974,336
832,2014-08-07,1388396196672,1910
833,2014-08-07,1388396397305,1702
834,2014-08-07,1351672500995,73442
835,2014-08-14,1388398421885,7788
836,2014-08-14,1388397916219,8302
837,2014-08-14,1388398156925,19760
838,2014-08-14,1388396397305,2172
839,2014-08-14,1388398219644,12072
840,2014-08-14,1388396634884,1220
841,2014-08-14,1388396134379,2102
842,2014-08-14,1351672500995,70022
843,2014-08-14,1388398517822,13618
844,2014-08-14,1388398007205,7878
845,2014-08-14,1388397787434,5610
846,2014-08-14,1388397331212,2352
847,2014-08-14,1388396196672,1892
848,2014-08-21,1388396634884,1255
849,2014-08-21,1388396134379,112
850,2014-08-21,1388398517822,15694
851,2014-08-21,1388397787434,972
852,2014-08-21,1388398219644,13279
853,2014-08-21,1388396397305,810
854,2014-08-21,1351672500995,71951
855,2014-08-21,1388398421885,8186
856,2014-08-21,1388398007205,3276
857,2014-08-21,1388397916219,9050
858,2014-08-21,1388398156925,22725
859,2014-08-21,1388396196672,1623
860,2014-08-21,1388397331212,2649
861,2014-08-28,1388398517822,330114
862,2014-08-28,1388397916219,195892
863,2014-08-28,1388396634884,24388
864,2014-08-28,1351672500995,1575270
865,2014-08-28,1388398156925,528521
866,2014-08-28,1388398219644,296415
867,2014-08-28,1388398421885,186581
868,2014-08-28,1388397331212,63133
869,2014-08-28,1388396196672,26309
870,2014-09-04,1388396634884,17796
871,2014-09-04,1388396397305,39125
872,2014-09-04,1388398007205,79688
873,2014-09-04,1388398421885,70719
874,2014-09-04,1388397145518,7190
875,2014-09-04,1388398219644,191877
876,2014-09-04,1388398517822,260749
877,2014-09-04,1388396196672,24323
878,2014-09-04,1388398156925,372494
879,2014-09-04,1388397331212,55117
880,2014-09-04,1388397916219,135634
881,2014-09-04,1351672500995,991102
882,2014-09-11,1388398007205,174899
883,2014-09-11,1388398517822,594104
884,2014-09-11,1388398219644,477761
885,2014-09-11,1388397331212,116861
886,2014-09-11,1388396196672,57495
887,2014-09-11,1388396397305,67184
888,2014-09-11,1388397145518,16795
889,2014-09-11,1388397916219,311283
890,2014-09-11,1351672500995,2391143
891,2014-09-11,1388398421885,173156
892,2014-09-11,1388398156925,903570
893,2014-09-11,1388396634884,45892
894,2014-09-18,1388398156925,903849
895,2014-09-18,1388397145518,14666
896,2014-09-18,1388398421885,163816
897,2014-09-18,1388396634884,33895
898,2014-09-18,1388397916219,403860
899,2014-09-18,1351672500995,140915
900,2014-09-18,1388398517822,581535
901,2014-09-18,1388397331212,121162
902,2014-09-18,1388398007205,422283
903,2014-09-18,1388398219644,441629
904,2014-09-18,1388396397305,86503
905,2014-09-25,1388398517822,178227
906,2014-09-25,1388396634884,12890
907,2014-09-25,1388397916219,111809
908,2014-09-25,1388398156925,270634
909,2014-09-25,1388397145518,5420
910,2014-09-25,1388398007205,161522
911,2014-09-25,1388398219644,130969
912,2014-09-25,1388396397305,37842
913,2014-09-25,1388398421885,60031
914,2014-09-25,1388397331212,37700
915,2014-10-02,1388398219644,1223
916,2014-10-02,1388396397305,243
917,2014-10-02,1388398421885,590
918,2014-10-02,1388398007205,973
919,2014-10-02,1388396634884,73
920,2014-10-02,1388398517822,2168
921,2014-10-02,1388397331212,369
922,2014-10-02,1388396568021,70
923,2014-10-02,1388398156925,2685
924,2014-10-02,1388397145518,62
925,2014-10-02,1388397916219,1285
